,log10Difference,log10AUCDifference,fractionTIP,patientID,VLcompartment,psi,rho
0,0.3235521873243572,0.29282384811146045,0.5,0,URT,1e-08,1e-06
1,0.4886562819046727,0.31878592482560464,0.5,0,LRT,1e-08,1e-06
2,0.6301207007706875,0.37347390197428165,0.5,1,URT,1e-08,1e-06
3,1.5876291562677238,1.3161788028705779,0.5,1,LRT,1e-08,1e-06
4,0.2583125138899254,0.33433125765724014,0.5,2,URT,1e-08,1e-06
5,0.46450208610579313,0.29344337882653715,0.5,2,LRT,1e-08,1e-06
6,1.872870879417699,1.9156996452928912,0.5,3,URT,1e-08,1e-06
7,1.5325143854058334,1.4059426675097093,0.5,3,LRT,1e-08,1e-06
8,0.6073874452360011,0.3477079392550575,0.5,4,URT,1e-08,1e-06
9,1.420803459922083,1.6181792035500093,0.5,4,LRT,1e-08,1e-06
10,0.3595768352207722,0.30614266157808245,0.5,5,URT,1e-08,1e-06
11,3.2466006104142267,2.9445316633337892,0.5,5,LRT,1e-08,1e-06
12,0.24911961843452257,0.3254833800806596,0.5,6,URT,1e-08,1e-06
13,0.5330573270680201,0.32821388690865305,0.5,6,LRT,1e-08,1e-06
14,3.2437521489496604,3.276227489634681,0.5,7,URT,1e-08,1e-06
15,0.293685306207613,0.2591743698787665,0.5,7,LRT,1e-08,1e-06
16,1.3508018133585398,2.9514265743814683,0.5,8,URT,1e-08,1e-06
17,5.641759293379133,7.641560682114595,0.5,8,LRT,1e-08,1e-06
18,0.3235576675159688,0.29283258072244234,0.5,0,URT,1e-08,1e-05
19,0.4886652367841062,0.3187911520153275,0.5,0,LRT,1e-08,1e-05
20,0.6300465943336748,0.37345270128268737,0.5,1,URT,1e-08,1e-05
21,1.5876697000602729,1.3161785411811957,0.5,1,LRT,1e-08,1e-05
22,0.25831740430326455,0.33433588286917537,0.5,2,URT,1e-08,1e-05
23,0.46450817899046193,0.29344646834845634,0.5,2,LRT,1e-08,1e-05
24,1.872823808368861,1.915632963787913,0.5,3,URT,1e-08,1e-05
25,1.53247124496004,1.405865972207387,0.5,3,LRT,1e-08,1e-05
26,0.6071754435024195,0.34761018126322263,0.5,4,URT,1e-08,1e-05
27,1.4207887982801433,1.6181687350631924,0.5,4,LRT,1e-08,1e-05
28,0.35957964836182743,0.30614614065915724,0.5,5,URT,1e-08,1e-05
29,3.2466820942677055,2.944554719851925,0.5,5,LRT,1e-08,1e-05
30,0.24912383048596975,0.32549083554039004,0.5,6,URT,1e-08,1e-05
31,0.5331695607934019,0.32821844767908903,0.5,6,LRT,1e-08,1e-05
32,3.2437521489496604,3.2763175216228086,0.5,7,URT,1e-08,1e-05
33,0.2936918017432122,0.25918083011667736,0.5,7,LRT,1e-08,1e-05
34,1.3508018133585398,2.951426573832504,0.5,8,URT,1e-08,1e-05
35,5.641759293379133,7.641560650381704,0.5,8,LRT,1e-08,1e-05
36,0.3236013110196856,0.2928755084519894,0.5,0,URT,1e-08,0.0001
37,0.4887402117527726,0.31883905333091533,0.5,0,LRT,1e-08,0.0001
38,0.6301388283114351,0.3734898566754339,0.5,1,URT,1e-08,0.0001
39,1.5877336070392563,1.3162216510870959,0.5,1,LRT,1e-08,0.0001
40,0.25835900097433306,0.33437753147677984,0.5,2,URT,1e-08,0.0001
41,0.46455385060770915,0.29348546772699446,0.5,2,LRT,1e-08,0.0001
42,1.872815622760898,1.9154869305984965,0.5,3,URT,1e-08,0.0001
43,1.5324971464032622,1.4059215016531734,0.5,3,LRT,1e-08,0.0001
44,0.6071891906204891,0.3476757622642417,0.5,4,URT,1e-08,0.0001
45,1.4208168145972442,1.6181985939201304,0.5,4,LRT,1e-08,0.0001
46,0.3596234230038231,0.30618286337859324,0.5,5,URT,1e-08,0.0001
47,3.2467352330303676,2.944605313773023,0.5,5,LRT,1e-08,0.0001
48,0.24916370917187258,0.32553435443633383,0.5,6,URT,1e-08,0.0001
49,0.5333437222741928,0.32829090110275505,0.5,6,LRT,1e-08,0.0001
50,3.2437521489496604,3.276347449708143,0.5,7,URT,1e-08,0.0001
51,0.2937404020846639,0.2592285941148935,0.5,7,LRT,1e-08,0.0001
52,1.3508018133585398,2.9514265233221613,0.5,8,URT,1e-08,0.0001
53,5.641759293379133,7.641542142391465,0.5,8,LRT,1e-08,0.0001
54,0.32401758726716334,0.29326908039736743,0.5,0,URT,1e-08,0.001
55,0.4892296522707289,0.31925285290996896,0.5,0,LRT,1e-08,0.001
56,0.6304353233078483,0.3737877795419582,0.5,1,URT,1e-08,0.001
57,1.587776058242409,1.3163138758136785,0.5,1,LRT,1e-08,0.001
58,0.25876651075845203,0.33479045967820387,0.5,2,URT,1e-08,0.001
59,0.46499315511555306,0.29387673901893585,0.5,2,LRT,1e-08,0.001
60,1.8726618312218224,1.9155349621980484,0.5,3,URT,1e-08,0.001
61,1.532373159938052,1.4057834003306802,0.5,3,LRT,1e-08,0.001
62,0.607563849528792,0.348072523525671,0.5,4,URT,1e-08,0.001
63,1.4211062453901189,1.618483774987041,0.5,4,LRT,1e-08,0.001
64,0.36009385475694344,0.3066178991985957,0.5,5,URT,1e-08,0.001
65,3.2470781155014725,2.9449568176301906,0.5,5,LRT,1e-08,0.001
66,0.2495595221323761,0.3259357767726714,0.5,6,URT,1e-08,0.001
67,0.5338575112256949,0.3287187110252381,0.5,6,LRT,1e-08,0.001
68,3.2437521489496604,3.276363966111195,0.5,7,URT,1e-08,0.001
69,0.2942486431568714,0.2595897128223541,0.5,7,LRT,1e-08,0.001
70,1.3508018133585398,2.951424447804774,0.5,8,URT,1e-08,0.001
71,5.641759293379133,7.641623475259059,0.5,8,LRT,1e-08,0.001
72,0.32816843391117967,0.29719992722969746,0.5,0,URT,1e-08,0.01
73,0.4930370237023469,0.32312389109415207,0.5,0,LRT,1e-08,0.01
74,0.6342435248921774,0.37718120483392603,0.5,1,URT,1e-08,0.01
75,1.5887181617333805,1.3176247713970621,0.5,1,LRT,1e-08,0.01
76,0.26283576106026985,0.3389001654980026,0.5,2,URT,1e-08,0.01
77,0.4693890176511655,0.297798133752992,0.5,2,LRT,1e-08,0.01
78,1.8730578600519547,1.91579867547821,0.5,3,URT,1e-08,0.01
79,1.5326551483150928,1.406757164575204,0.5,3,LRT,1e-08,0.01
80,0.6111212960243968,0.35195761796540204,0.5,4,URT,1e-08,0.01
81,1.4240012319891315,1.6213416074230498,0.5,4,LRT,1e-08,0.01
82,0.364295067422189,0.3107152976760563,0.5,5,URT,1e-08,0.01
83,3.2500341917661224,2.9481986623407437,0.5,5,LRT,1e-08,0.01
84,0.25351132813562227,0.32991324176227543,0.5,6,URT,1e-08,0.01
85,0.5378962850858358,0.3326597495794079,0.5,6,LRT,1e-08,0.01
86,3.2437521489496604,3.276518888453272,0.5,7,URT,1e-08,0.01
87,0.2990580100477933,0.2635942725341289,0.5,7,LRT,1e-08,0.01
88,1.3508018133585398,2.9514215305594735,0.5,8,URT,1e-08,0.01
89,5.641759293379133,7.641641939599184,0.5,8,LRT,1e-08,0.01
90,0.3693845163401779,0.3372038359372178,0.5,0,URT,1e-08,0.1
91,0.5300236740343864,0.36184873764236336,0.5,0,LRT,1e-08,0.1
92,0.6714397842572843,0.4106129037854611,0.5,1,URT,1e-08,0.1
93,1.597705993922001,1.3301293708920925,0.5,1,LRT,1e-08,0.1
94,0.30310320714756767,0.3800922479211941,0.5,2,URT,1e-08,0.1
95,0.5142491486583394,0.3377141074416343,0.5,2,LRT,1e-08,0.1
96,1.8740508545918675,1.916486160158418,0.5,3,URT,1e-08,0.1
97,1.5340290624279236,1.4144776897585025,0.5,3,LRT,1e-08,0.1
98,0.6470187549874433,0.3918021392393456,0.5,4,URT,1e-08,0.1
99,1.4525382225264307,1.649644256340534,0.5,4,LRT,1e-08,0.1
100,0.40482072346416675,0.35005969502697365,0.5,5,URT,1e-08,0.1
101,3.284114860581063,2.982227641237106,0.5,5,LRT,1e-08,0.1
102,0.29244837833842574,0.3689403105830804,0.5,6,URT,1e-08,0.1
103,0.5764192411419629,0.3717943053310684,0.5,6,LRT,1e-08,0.1
104,3.2437521489496604,3.2763952630101145,0.5,7,URT,1e-08,0.1
105,0.3470591774355958,0.3045765038396242,0.5,7,LRT,1e-08,0.1
106,1.3508018133585398,3.072176926685194,0.5,8,URT,1e-08,0.1
107,5.641759293379133,7.4554178663784025,0.5,8,LRT,1e-08,0.1
108,0.7100517154035639,0.6511704527503861,0.5,0,URT,1e-08,1.0
109,0.8162228181633129,0.6812829736013919,0.5,0,LRT,1e-08,1.0
110,0.9279467959845675,0.6986578261387155,0.5,1,URT,1e-08,1.0
111,1.6821964074971154,1.4369294152015293,0.5,1,LRT,1e-08,1.0
112,0.6283101950891572,0.7047428909986726,0.5,2,URT,1e-08,1.0
113,0.7838554211630102,0.6728498260859928,0.5,2,LRT,1e-08,1.0
114,1.8942603438561267,1.9318053004675937,0.5,3,URT,1e-08,1.0
115,1.553076278694836,1.4879707754279847,0.5,3,LRT,1e-08,1.0
116,0.9546535919314172,0.7264876865102536,0.5,4,URT,1e-08,1.0
117,1.6795047624178734,1.8754956572303811,0.5,4,LRT,1e-08,1.0
118,0.7562307071008458,0.6678480813703294,0.5,5,URT,1e-08,1.0
119,3.5543370333518487,3.2522624495313144,0.5,5,LRT,1e-08,1.0
120,0.5981097610486525,0.6708889830677611,0.5,6,URT,1e-08,1.0
121,0.8962679752189953,0.7197061242886349,0.5,6,LRT,1e-08,1.0
122,3.2437521489496604,3.2773286185273927,0.5,7,URT,1e-08,1.0
123,0.760049530398482,0.6269859305269234,0.5,7,LRT,1e-08,1.0
124,1.3508018133585398,3.148045237798769,0.5,8,URT,1e-08,1.0
125,5.641759293379133,7.455372819127728,0.5,8,LRT,1e-08,1.0
126,1.5022528027417126,1.4417661228852703,0.5,0,URT,1e-08,10.0
127,1.664250494968953,1.5181942664014283,0.5,0,LRT,1e-08,10.0
128,1.7438142869348203,1.578198445885823,0.5,1,URT,1e-08,10.0
129,2.050654001038761,1.8957675260626656,0.5,1,LRT,1e-08,10.0
130,1.5523009590774777,1.5185543656650502,0.5,2,URT,1e-08,10.0
131,1.5158879314401243,1.515323105260033,0.5,2,LRT,1e-08,10.0
132,2.081797935484147,2.063448779275821,0.5,3,URT,1e-08,10.0
133,1.7292272405641862,1.84290542541979,0.5,3,LRT,1e-08,10.0
134,1.776290874843136,1.5764734856141862,0.5,4,URT,1e-08,10.0
135,2.2873692025782857,2.4781479094740257,0.5,4,LRT,1e-08,10.0
136,1.5231957545072792,1.4968052205111722,0.5,5,URT,1e-08,10.0
137,4.269181185344124,3.9664958260770877,0.5,5,LRT,1e-08,10.0
138,1.4411308332757278,1.461524220972553,0.5,6,URT,1e-08,10.0
139,1.6921670208703636,1.6757179661326296,0.5,6,LRT,1e-08,10.0
140,3.2437521489496604,3.2860261134529,0.5,7,URT,1e-08,10.0
141,1.3806501610874298,1.3919656358285586,0.5,7,LRT,1e-08,10.0
142,1.3508018133585398,3.0721770989735173,0.5,8,URT,1e-08,10.0
143,5.641759293379133,7.455366476840863,0.5,8,LRT,1e-08,10.0
144,2.4993561592829003,2.4532392117094473,0.5,0,URT,1e-08,100.0
145,2.6225490569211614,2.500867481216634,0.5,0,LRT,1e-08,100.0
146,2.706499649865829,2.569830533715269,0.5,1,URT,1e-08,100.0
147,2.7867317283941597,2.655983494323001,0.5,1,LRT,1e-08,100.0
148,2.3896316424143302,2.4413308447035247,0.5,2,URT,1e-08,100.0
149,2.541894286688196,2.5040136256967838,0.5,2,LRT,1e-08,100.0
150,2.949795814636914,2.679770013750266,0.5,3,URT,1e-08,100.0
151,2.6028117266910984,2.570433772863092,0.5,3,LRT,1e-08,100.0
152,2.7380506962919227,2.5596223760378276,0.5,4,URT,1e-08,100.0
153,3.0319274242890586,3.208415674263483,0.5,4,LRT,1e-08,100.0
154,2.4971511779092457,2.4703466191510204,0.5,5,URT,1e-08,100.0
155,5.120986280116995,4.817761621007382,0.5,5,LRT,1e-08,100.0
156,2.3845091834839094,2.4365636273127818,0.5,6,URT,1e-08,100.0
157,2.7143979209884135,2.6883209212146966,0.5,6,LRT,1e-08,100.0
158,3.2437521489496604,3.365968743259407,0.5,7,URT,1e-08,100.0
159,2.553052407341366,2.4432206345506495,0.5,7,LRT,1e-08,100.0
160,1.3508018133585398,3.072180695350916,0.5,8,URT,1e-08,100.0
161,5.641759293379133,7.455511468888742,0.5,8,LRT,1e-08,100.0
162,0.323552162836771,0.2928238195265278,0.5,0,URT,1e-07,1e-06
163,0.48865607404188705,0.31878581796044614,0.5,0,LRT,1e-07,1e-06
164,0.6301205533457761,0.3734737122887628,0.5,1,URT,1e-07,1e-06
165,1.5876280324163217,1.316177807785806,0.5,1,LRT,1e-07,1e-06
166,0.2583124842176252,0.3343312376683798,0.5,2,URT,1e-07,1e-06
167,0.4645022447375142,0.29344332953714325,0.5,2,LRT,1e-07,1e-06
168,1.8728698868092337,1.915698701154585,0.5,3,URT,1e-07,1e-06
169,1.5325134393379427,1.405941779286736,0.5,3,LRT,1e-07,1e-06
170,0.6073872777896865,0.34770788700867694,0.5,4,URT,1e-07,1e-06
171,1.4208024310693688,1.6181782131347289,0.5,4,LRT,1e-07,1e-06
172,0.3595768020354644,0.3061426251717174,0.5,5,URT,1e-07,1e-06
173,3.2465994459485534,2.94453060573069,0.5,5,LRT,1e-07,1e-06
174,0.24911958184145444,0.32548334604615725,0.5,6,URT,1e-07,1e-06
175,0.5330573166989785,0.3282138452891914,0.5,6,LRT,1e-07,1e-06
176,3.2437521489496604,3.2762266532911353,0.5,7,URT,1e-07,1e-06
177,0.29368541100819545,0.2591743704673224,0.5,7,LRT,1e-07,1e-06
178,1.3508018133585398,2.951426569881396,0.5,8,URT,1e-07,1e-06
179,5.641759293379133,7.641560208238103,0.5,8,LRT,1e-07,1e-06
180,0.3235576430291607,0.29283255211459647,0.5,0,URT,1e-07,1e-05
181,0.4886650289261594,0.3187910451590188,0.5,0,LRT,1e-07,1e-05
182,0.6300464466958831,0.3734525115442473,0.5,1,URT,1e-07,1e-05
183,1.5876685764888006,1.316177545896629,0.5,1,LRT,1e-07,1e-05
184,0.25831737463096616,0.33433586287290407,0.5,2,URT,1e-07,1e-05
185,0.4645083376165777,0.2934464190554884,0.5,2,LRT,1e-07,1e-05
186,1.8728228188863851,1.9156320208641366,0.5,3,URT,1e-07,1e-05
187,1.5324702997450483,1.4058650815878027,0.5,3,LRT,1e-07,1e-05
188,0.6071752760835194,0.34761012908022604,0.5,4,URT,1e-07,1e-05
189,1.4207877693807616,1.618167744607108,0.5,4,LRT,1e-07,1e-05
190,0.3595796151964974,0.30614610426598166,0.5,5,URT,1e-07,1e-05
191,3.246680929256889,2.9445536620454877,0.5,5,LRT,1e-07,1e-05
192,0.24912379389216355,0.3254908015730793,0.5,6,URT,1e-07,1e-05
193,0.5331695502983793,0.328218405783395,0.5,6,LRT,1e-07,1e-05
194,3.2437521489496604,3.276316674461397,0.5,7,URT,1e-07,1e-05
195,0.29369190653743704,0.25918083068307673,0.5,7,LRT,1e-07,1e-05
196,1.3508018133585398,2.9514265693324293,0.5,8,URT,1e-07,1e-05
197,5.641759293379133,7.641560176511761,0.5,8,LRT,1e-07,1e-05
198,0.3236012865261353,0.2928754797834001,0.5,0,URT,1e-07,0.0001
199,0.4887400037694425,0.3188389464001169,0.5,0,LRT,1e-07,0.0001
200,0.6301386811884271,0.3734896670672212,0.5,1,URT,1e-07,0.0001
201,1.587732483653891,1.3162206562523862,0.5,1,LRT,1e-07,0.0001
202,0.2583589712936165,0.3343775114630789,0.5,2,URT,1e-07,0.0001
203,0.464554009230409,0.29348541842462605,0.5,2,LRT,1e-07,0.0001
204,1.8728146332051203,1.9154859887728692,0.5,3,URT,1e-07,0.0001
205,1.532496201598037,1.405920615621195,0.5,3,LRT,1e-07,0.0001
206,0.6071890229315073,0.34767571021258625,0.5,4,URT,1e-07,0.0001
207,1.4208157856878492,1.6181976034550534,0.5,4,LRT,1e-07,0.0001
208,0.35962338997742815,0.3061828271436813,0.5,5,URT,1e-07,0.0001
209,3.246734068588286,2.944604256638442,0.5,5,LRT,1e-07,0.0001
210,0.24916367256814276,0.32553432042815356,0.5,6,URT,1e-07,0.0001
211,0.5333437113451645,0.3282908588489768,0.5,6,LRT,1e-07,0.0001
212,3.2437521489496604,3.276346602344847,0.5,7,URT,1e-07,0.0001
213,0.29374050685720476,0.25922859457518665,0.5,7,LRT,1e-07,0.0001
214,1.3508018133585398,2.951426518821898,0.5,8,URT,1e-07,0.0001
215,5.641759293379133,7.641541668744356,0.5,8,LRT,1e-07,0.0001
216,0.3240175626896926,0.2932690514988785,0.5,0,URT,1e-07,0.001
217,0.48922944376761546,0.3192527457319425,0.5,0,LRT,1e-07,0.001
218,0.6304351759839548,0.3737875898152474,0.5,1,URT,1e-07,0.001
219,1.5877749348397598,1.3163128812236549,0.5,1,LRT,1e-07,0.001
220,0.25876648098883503,0.33479043954280474,0.5,2,URT,1e-07,0.001
221,0.4649933136937827,0.2938766896180507,0.5,2,LRT,1e-07,0.001
222,1.872660842285276,1.9155340194094768,0.5,3,URT,1e-07,0.001
223,1.5323722152680892,1.4057825109938324,0.5,3,LRT,1e-07,0.001
224,0.6075636818646979,0.34807247126945384,0.5,4,URT,1e-07,0.001
225,1.4211052164125517,1.6184827844410332,0.5,4,LRT,1e-07,0.001
226,0.36009382176768234,0.306617863050354,0.5,5,URT,1e-07,0.001
227,3.2470769512687614,2.9449557604704273,0.5,5,LRT,1e-07,0.001
228,0.2495594854280343,0.3259357426303193,0.5,6,URT,1e-07,0.001
229,0.5338574995532062,0.3287186683708905,0.5,6,LRT,1e-07,0.001
230,3.2437521489496604,3.2763631176357055,0.5,7,URT,1e-07,0.001
231,0.2942487477877265,0.2595897123436073,0.5,7,LRT,1e-07,0.001
232,1.3508018133585398,2.9514244433057777,0.5,8,URT,1e-07,0.001
233,5.641759293379133,7.641623002566481,0.5,8,LRT,1e-07,0.001
234,0.3281684084939167,0.29719989712688655,0.5,0,URT,1e-07,0.01
235,0.4930368146704991,0.32312378282200704,0.5,0,LRT,1e-07,0.01
236,0.6342433806323138,0.3771810158410318,0.5,1,URT,1e-07,0.01
237,1.5887170399332602,1.317623778531802,0.5,1,LRT,1e-07,0.01
238,0.26283573039751396,0.33890014426718995,0.5,2,URT,1e-07,0.01
239,0.4693891758294111,0.297798083367919,0.5,2,LRT,1e-07,0.01
240,1.873056870855299,1.915797733086504,0.5,3,URT,1e-07,0.01
241,1.5326542036326405,1.406756275625229,0.5,3,LRT,1e-07,0.01
242,0.6111211301520179,0.351957564673814,0.5,4,URT,1e-07,0.01
243,1.4240002021720395,1.6213406159542005,0.5,4,LRT,1e-07,0.01
244,0.3642950335602375,0.3107152603879131,0.5,5,URT,1e-07,0.01
245,3.2500330276810603,2.9481976050813836,0.5,5,LRT,1e-07,0.01
246,0.25351129042194565,0.32991320647473454,0.5,6,URT,1e-07,0.01
247,0.5378962628116417,0.3326597023512141,0.5,6,LRT,1e-07,0.01
248,3.2437521489496604,3.276518039542965,0.5,7,URT,1e-07,0.01
249,0.29905811417445616,0.2635942704266867,0.5,7,LRT,1e-07,0.01
250,1.3508018133585398,2.951421526054492,0.5,8,URT,1e-07,0.01
251,5.641759293379133,7.6416414658167,0.5,8,LRT,1e-07,0.01
252,0.36938448219516573,0.3372037940549779,0.5,0,URT,1e-07,0.1
253,0.5300234648455788,0.36184861980147787,0.5,0,LRT,1e-07,0.1
254,0.6714396616935367,0.41061271697687385,0.5,1,URT,1e-07,0.1
255,1.59770488850112,1.330128394184877,0.5,1,LRT,1e-07,0.1
256,0.3031031672179729,0.3800922154564139,0.5,2,URT,1e-07,0.1
257,0.5142493081347039,0.33771404813131944,0.5,2,LRT,1e-07,0.1
258,1.87404986947567,1.916485218736474,0.5,3,URT,1e-07,0.1
259,1.5340281216167835,1.4144768092559623,0.5,3,LRT,1e-07,0.1
260,0.6470186102364384,0.3918020749283242,0.5,4,URT,1e-07,0.1
261,1.4525371834512937,1.6496432552064402,0.5,4,LRT,1e-07,0.1
262,0.4048206845481088,0.3500596453859881,0.5,5,URT,1e-07,0.1
263,3.284113684607834,2.9822265721801466,0.5,5,LRT,1e-07,0.1
264,0.2924483302531691,0.3689402638870014,0.5,6,URT,1e-07,0.1
265,0.5764192130055505,0.371794248222562,0.5,6,LRT,1e-07,0.1
266,3.2437521489496604,3.2763944122750486,0.5,7,URT,1e-07,0.1
267,0.34705927623833066,0.3045764856772859,0.5,7,LRT,1e-07,0.1
268,1.3508018133585398,3.0721769207317386,0.5,8,URT,1e-07,0.1
269,5.641759293379133,7.455417558121363,0.5,8,LRT,1e-07,0.1
270,0.7100515751443055,0.6511702813216882,0.5,0,URT,1e-07,1.0
271,0.8162226441980911,0.681282792218985,0.5,0,LRT,1e-07,1.0
272,0.9279465110053087,0.6986576743069861,0.5,1,URT,1e-07,1.0
273,1.6821954615983765,1.4369285669284722,0.5,1,LRT,1e-07,1.0
274,0.6283100490343898,0.704742734019205,0.5,2,URT,1e-07,1.0
275,0.7838550565196067,0.6728496741508767,0.5,2,LRT,1e-07,1.0
276,1.8942594115104359,1.9318043951769823,0.5,3,URT,1e-07,1.0
277,1.553075374504962,1.4879699957487178,0.5,3,LRT,1e-07,1.0
278,0.9546533007255604,0.7264875405483613,0.5,4,URT,1e-07,1.0
279,1.6795036536094363,1.8754945837718342,0.5,4,LRT,1e-07,1.0
280,0.7562305950988613,0.6678479052453987,0.5,5,URT,1e-07,1.0
281,3.5543357523536727,3.252261275828273,0.5,5,LRT,1e-07,1.0
282,0.5981096048462646,0.6708888206016841,0.5,6,URT,1e-07,1.0
283,0.8962677511102495,0.7197059293344354,0.5,6,LRT,1e-07,1.0
284,3.2437521489496604,3.2773277695444474,0.5,7,URT,1e-07,1.0
285,0.7600495264723426,0.6269857306961946,0.5,7,LRT,1e-07,1.0
286,1.3508018133585398,3.1480452307109057,0.5,8,URT,1e-07,1.0
287,5.641759293379133,7.455372510565505,0.5,8,LRT,1e-07,1.0
288,1.5022525773241169,1.441765316600267,0.5,0,URT,1e-07,10.0
289,1.6642506739362846,1.5181940328435308,0.5,0,LRT,1e-07,10.0
290,1.743813916761102,1.5781982443766056,0.5,1,URT,1e-07,10.0
291,2.0506533870245987,1.895767004312738,0.5,1,LRT,1e-07,10.0
292,1.5523000651041334,1.5185533458725065,0.5,2,URT,1e-07,10.0
293,1.5158876676462496,1.5153228416810043,0.5,2,LRT,1e-07,10.0
294,2.081797284096119,2.063448065558391,0.5,3,URT,1e-07,10.0
295,1.7292266294647778,1.8429048884603905,0.5,3,LRT,1e-07,10.0
296,1.7762905123387487,1.5764732597091253,0.5,4,URT,1e-07,10.0
297,2.2873680168673944,2.478146745915063,0.5,4,LRT,1e-07,10.0
298,1.5231955097433305,1.4968046005306128,0.5,5,URT,1e-07,10.0
299,4.269179570937693,3.9664943322022186,0.5,5,LRT,1e-07,10.0
300,1.4411299183305735,1.4615231241280293,0.5,6,URT,1e-07,10.0
301,1.6921668168132555,1.6757175036652328,0.5,6,LRT,1e-07,10.0
302,3.2437521489496604,3.286025276058364,0.5,7,URT,1e-07,10.0
303,1.3806499199641165,1.391965126529687,0.5,7,LRT,1e-07,10.0
304,1.3508018133585398,3.0721770930205397,0.5,8,URT,1e-07,10.0
305,5.641759293379133,7.455366168496991,0.5,8,LRT,1e-07,10.0
306,2.4993555977748407,2.45323779434386,0.5,0,URT,1e-07,100.0
307,2.622548603931433,2.500867260586917,0.5,0,LRT,1e-07,100.0
308,2.7064993323554782,2.56983030844813,0.5,1,URT,1e-07,100.0
309,2.7867316825343424,2.6559831195273134,0.5,1,LRT,1e-07,100.0
310,2.3896313438344357,2.441329090178777,0.5,2,URT,1e-07,100.0
311,2.5418951063414967,2.504013786042562,0.5,2,LRT,1e-07,100.0
312,2.9497954366116867,2.6797697245492778,0.5,3,URT,1e-07,100.0
313,2.602811316396462,2.570433472833109,0.5,3,LRT,1e-07,100.0
314,2.738050379554332,2.559622137591765,0.5,4,URT,1e-07,100.0
315,3.0319262623375867,3.2084144970157134,0.5,4,LRT,1e-07,100.0
316,2.497150945520187,2.470345798621662,0.5,5,URT,1e-07,100.0
317,5.120984570686004,4.817760023744453,0.5,5,LRT,1e-07,100.0
318,2.3845087459972625,2.4365588948169483,0.5,6,URT,1e-07,100.0
319,2.714397882128295,2.688320440133408,0.5,6,LRT,1e-07,100.0
320,3.2437521489496604,3.3659680180858187,0.5,7,URT,1e-07,100.0
321,2.553051835727411,2.4432198139959667,0.5,7,LRT,1e-07,100.0
322,1.3508018133585398,3.0721806893996124,0.5,8,URT,1e-07,100.0
323,5.641759293379133,7.455511160848399,0.5,8,LRT,1e-07,100.0
324,0.3235519179624138,0.2928235336784848,0.5,0,URT,1e-06,1e-06
325,0.48865399550676525,0.31878474932951484,0.5,0,LRT,1e-06,1e-06
326,0.6301190791342899,0.37347181544822927,0.5,1,URT,1e-06,1e-06
327,1.5876167939389738,1.3161678569801634,0.5,1,LRT,1e-06,1e-06
328,0.2583121874957115,0.3343310377800979,0.5,2,URT,1e-06,1e-06
329,0.46450383106924154,0.2934428366425035,0.5,2,LRT,1e-06,1e-06
330,1.872859960683484,1.915689259750268,0.5,3,URT,1e-06,1e-06
331,1.5325039786478865,1.40593289706736,0.5,3,LRT,1e-06,1e-06
332,0.6073856033582139,0.34770736454520623,0.5,4,URT,1e-06,1e-06
333,1.4207921425469303,1.6181683089828844,0.5,4,LRT,1e-06,1e-06
334,0.35957647018637307,0.30614226110807774,0.5,5,URT,1e-06,1e-06
335,3.2465878012931926,2.9445200296928933,0.5,5,LRT,1e-06,1e-06
336,0.24911921591120478,0.3254830057009368,0.5,6,URT,1e-06,1e-06
337,0.5330572129988118,0.32821342908898643,0.5,6,LRT,1e-06,1e-06
338,3.2437521489496604,3.276218289820504,0.5,7,URT,1e-06,1e-06
339,0.2936864590212487,0.25917437634883633,0.5,7,LRT,1e-06,1e-06
340,1.3508018133585398,2.9514265248806018,0.5,8,URT,1e-06,1e-06
341,5.641759293379133,7.641555469441024,0.5,8,LRT,1e-06,1e-06
342,0.32355739816258033,0.2928322660144236,0.5,0,URT,1e-06,1e-05
343,0.48866294969285207,0.31878997632696304,0.5,0,LRT,1e-06,1e-05
344,0.630044970356062,0.37345061417522984,0.5,1,URT,1e-06,1e-05
345,1.5876573408114716,1.3161675930943586,0.5,1,LRT,1e-06,1e-05
346,0.25831707790906755,0.33433566291054184,0.5,2,URT,1e-06,1e-05
347,0.4645099238922503,0.29344592612511633,0.5,2,LRT,1e-06,1e-05
348,1.872812924068365,1.9156225916312462,0.5,3,URT,1e-06,1e-05
349,1.5324608476026969,1.4058561754165941,0.5,3,LRT,1e-06,1e-05
350,0.6071736019260792,0.3476096072505106,0.5,4,URT,1e-06,1e-05
351,1.4207774803915898,1.6181578400471768,0.5,4,LRT,1e-06,1e-05
352,0.35957928354718494,0.30614574033425246,0.5,5,URT,1e-06,1e-05
353,3.246669279150372,2.944543083974353,0.5,5,LRT,1e-06,1e-05
354,0.24912342795453934,0.3254904618995411,0.5,6,URT,1e-06,1e-05
355,0.5331694453383591,0.3282179868210289,0.5,6,LRT,1e-06,1e-05
356,3.2437521489496604,3.27630820284415,0.5,7,URT,1e-06,1e-05
357,0.29369295448689403,0.25918083634299194,0.5,7,LRT,1e-06,1e-05
358,1.3508018133585398,2.9514265243316125,0.5,8,URT,1e-06,1e-05
359,5.641759293379133,7.641555437780273,0.5,8,LRT,1e-06,1e-05
360,0.32360104159213865,0.2928751930833373,0.5,0,URT,1e-06,0.0001
361,0.48873792315953946,0.3188378768241069,0.5,0,LRT,1e-06,0.0001
362,0.6301372099974971,0.373487771000673,0.5,1,URT,1e-06,0.0001
363,1.5877212498380704,1.3162107079492031,0.5,1,LRT,1e-06,0.0001
364,0.25835867448753547,0.33437731132645077,0.5,2,URT,1e-06,0.0001
365,0.46455559547192227,0.29348492540022963,0.5,2,LRT,1e-06,0.0001
366,1.8728047375859815,1.915476570485911,0.5,3,URT,1e-06,0.0001
367,1.5324867535271247,1.4059117553134097,0.5,3,LRT,1e-06,0.0001
368,0.6071873460733226,0.3476751896963437,0.5,4,URT,1e-06,0.0001
369,1.420805496598529,1.6181876988051753,0.5,4,LRT,1e-06,0.0001
370,0.3596230597174177,0.3061824647945697,0.5,5,URT,1e-06,0.0001
371,3.2467224241694206,2.9445936852861916,0.5,5,LRT,1e-06,0.0001
372,0.24916330653126817,0.32553398034596004,0.5,6,URT,1e-06,0.0001
373,0.5333436020455666,0.3282904363067276,0.5,6,LRT,1e-06,0.0001
374,3.2437521489496604,3.2763381287095643,0.5,7,URT,1e-06,0.0001
375,0.2937415545898334,0.2592285991740786,0.5,7,LRT,1e-06,0.0001
376,1.3508018133585398,2.9514264738191933,0.5,8,URT,1e-06,0.0001
377,5.641759293379133,7.641536932246398,0.5,8,LRT,1e-06,0.0001
378,0.32401731691648816,0.29326876253179535,0.5,0,URT,1e-06,0.001
379,0.48922735855922994,0.3192516738982061,0.5,0,LRT,1e-06,0.001
380,0.6304337027830762,0.373785692563394,0.5,1,URT,1e-06,0.001
381,1.5877637008505738,1.316302935366795,0.5,1,LRT,1e-06,0.001
382,0.25876618329375756,0.33479023818926734,0.5,2,URT,1e-06,0.001
383,0.46499489949061257,0.2938761956085072,0.5,2,LRT,1e-06,0.001
384,1.8726509529287774,1.9155245915299357,0.5,3,URT,1e-06,0.001
385,1.5323627685769345,1.4057736176507056,0.5,3,LRT,1e-06,0.001
386,0.6075620052555575,0.3480719487077266,0.5,4,URT,1e-06,0.001
387,1.421094926641583,1.6184728789819252,0.5,4,LRT,1e-06,0.001
388,0.36009349187888784,0.3066175015678745,0.5,5,URT,1e-06,0.001
389,3.2470653089461656,2.9449451888676776,0.5,5,LRT,1e-06,0.001
390,0.2495591183850534,0.32593540120646836,0.5,6,URT,1e-06,0.001
391,0.5338573828194821,0.3287182418235668,0.5,6,LRT,1e-06,0.001
392,3.2437521489496604,3.276354632880278,0.5,7,URT,1e-06,0.001
393,0.2942497941035027,0.2595897075521121,0.5,7,LRT,1e-06,0.001
394,1.3508018133585398,2.9514243983157273,0.5,8,URT,1e-06,0.001
395,5.641759293379133,7.6416182756077315,0.5,8,LRT,1e-06,0.001
396,0.32816815432280944,0.2971995960976521,0.5,0,URT,1e-06,0.01
397,0.49303472341907906,0.3231226998102148,0.5,0,LRT,1e-06,0.01
398,0.6342419380726287,0.37717912592774194,0.5,1,URT,1e-06,0.01
399,1.5887058219695298,1.3176138499224672,0.5,1,LRT,1e-06,0.01
400,0.26283542377103775,0.3388999319593715,0.5,2,URT,1e-06,0.01
401,0.46939075762650884,0.29779757951655483,0.5,2,LRT,1e-06,0.01
402,1.8730469788955717,1.915788309174471,0.5,3,URT,1e-06,0.01
403,1.5326447568154586,1.4067473861494717,0.5,3,LRT,1e-06,0.01
404,0.6111194714600146,0.3519570317584302,0.5,4,URT,1e-06,0.01
405,1.4239899040057562,1.6213307012666238,0.5,4,LRT,1e-06,0.01
406,0.36429469494450206,0.31071488750648424,0.5,5,URT,1e-06,0.01
407,3.2500213868320973,2.948187032481022,0.5,5,LRT,1e-06,0.01
408,0.2535109132856377,0.3299128535992235,0.5,6,URT,1e-06,0.01
409,0.5378960400630008,0.33265923006568343,0.5,6,LRT,1e-06,0.01
410,3.2437521489496604,3.2765095504394193,0.5,7,URT,1e-06,0.01
411,0.29905915544828776,0.26359424934829967,0.5,7,LRT,1e-06,0.01
412,1.3508018133585398,2.951421481004571,0.5,8,URT,1e-06,0.01
413,5.641759293379133,7.641636727959602,0.5,8,LRT,1e-06,0.01
414,0.36938414074654613,0.3372033752310113,0.5,0,URT,1e-06,0.1
415,0.5300213728520919,0.3618474413346764,0.5,0,LRT,1e-06,0.1
416,0.6714384360932373,0.4106108489056419,0.5,1,URT,1e-06,0.1
417,1.5976938343316194,1.3301186271558665,0.5,1,LRT,1e-06,0.1
418,0.3031027679231695,0.380091890809104,0.5,2,URT,1e-06,0.1
419,0.5142509029158076,0.33771345502895045,0.5,2,LRT,1e-06,0.1
420,1.8740400183293704,1.9164758045281083,0.5,3,URT,1e-06,0.1
421,1.534018713516728,1.4144680042605149,0.5,3,LRT,1e-06,0.1
422,0.6470171627567138,0.39180143181852056,0.5,4,URT,1e-06,0.1
423,1.4525267927050942,1.6496332438669148,0.5,4,LRT,1e-06,0.1
424,0.4048202953912119,0.3500591489763165,0.5,5,URT,1e-06,0.1
425,3.284101924877441,2.982215881604003,0.5,5,LRT,1e-06,0.1
426,0.29244784940120105,0.3689397969264814,0.5,6,URT,1e-06,0.1
427,0.5764189316487114,0.3717936771397561,0.5,6,LRT,1e-06,0.1
428,3.2437521489496604,3.276385904924935,0.5,7,URT,1e-06,0.1
429,0.34706026427236125,0.3045763040497329,0.5,7,LRT,1e-06,0.1
430,1.3508018133585398,3.0721768611970255,0.5,8,URT,1e-06,0.1
431,5.641759293379133,7.455414475523391,0.5,8,LRT,1e-06,0.1
432,0.7100501725542214,0.6511685670387175,0.5,0,URT,1e-06,1.0
433,0.8162209045942888,0.6812809783978437,0.5,0,LRT,1e-06,1.0
434,0.9279436612437202,0.6986561559979547,0.5,1,URT,1e-06,1.0
435,1.6821860026671036,1.4369200842398309,0.5,1,LRT,1e-06,1.0
436,0.6283085884897153,0.7047411642284294,0.5,2,URT,1e-06,1.0
437,0.7838514101027592,0.672848154798972,0.5,2,LRT,1e-06,1.0
438,1.894250088045859,1.9317953422711982,0.5,3,URT,1e-06,1.0
439,1.553066332617136,1.4879621989841887,0.5,3,LRT,1e-06,1.0
440,0.9546503886917606,0.726486080930349,0.5,4,URT,1e-06,1.0
441,1.6794925655330566,1.875483849190121,0.5,4,LRT,1e-06,1.0
442,0.7562294750801462,0.6678461439998724,0.5,5,URT,1e-06,1.0
443,3.554322942374042,3.2522495387918227,0.5,5,LRT,1e-06,1.0
444,0.5981080428258805,0.6708871959447436,0.5,6,URT,1e-06,1.0
445,0.8962655100322996,0.7197039797991609,0.5,6,LRT,1e-06,1.0
446,3.2437521489496604,3.277319279714644,0.5,7,URT,1e-06,1.0
447,0.7600494872122754,0.6269837323882941,0.5,7,LRT,1e-06,1.0
448,1.3508018133585398,3.148045159832087,0.5,8,URT,1e-06,1.0
449,5.641759293379133,7.455369424915954,0.5,8,LRT,1e-06,1.0
450,1.502250323147309,1.4417572537483023,0.5,0,URT,1e-06,10.0
451,1.6642524639301568,1.5181916970140747,0.5,0,LRT,1e-06,10.0
452,1.7438102150436947,1.5781962292811667,0.5,1,URT,1e-06,10.0
453,2.050647246959266,1.8957617868351742,0.5,1,LRT,1e-06,10.0
454,1.5522911254237837,1.5185431479959481,0.5,2,URT,1e-06,10.0
455,1.515885029749911,1.515320205895665,0.5,2,LRT,1e-06,10.0
456,2.0817907702403313,2.0634409284008814,0.5,3,URT,1e-06,10.0
457,1.7292205184966383,1.8428995188734367,0.5,3,LRT,1e-06,10.0
458,1.7762868873091762,1.5764710006647649,0.5,4,URT,1e-06,10.0
459,2.2873561597771266,2.478135110336461,0.5,4,LRT,1e-06,10.0
460,1.5231930620997538,1.4967984007073216,0.5,5,URT,1e-06,10.0
461,4.269163427317782,3.966479394030798,0.5,5,LRT,1e-06,10.0
462,1.441120768944896,1.4615121558708388,0.5,6,URT,1e-06,10.0
463,1.6921647762471705,1.6757128790159959,0.5,6,LRT,1e-06,10.0
464,3.2437521489496604,3.2860169021159633,0.5,7,URT,1e-06,10.0
465,1.380647508732415,1.3919600335271731,0.5,7,LRT,1e-06,10.0
466,1.3508018133585398,3.0721770334906107,0.5,8,URT,1e-06,10.0
467,5.641759293379133,7.455363085030828,0.5,8,LRT,1e-06,10.0
468,2.499349982699941,2.4532236204894096,0.5,0,URT,1e-06,100.0
469,2.622543924829113,2.500864979666641,0.5,0,LRT,1e-06,100.0
470,2.7064961572641693,2.5698280557742885,0.5,1,URT,1e-06,100.0
471,2.786731224022292,2.6559793715753077,0.5,1,LRT,1e-06,100.0
472,2.3896283580339492,2.4413115445521436,0.5,2,URT,1e-06,100.0
473,2.5419033156410586,2.504015392537119,0.5,2,LRT,1e-06,100.0
474,2.9497916563895386,2.6797668325495545,0.5,3,URT,1e-06,100.0
475,2.602807213480192,2.5704304725296554,0.5,3,LRT,1e-06,100.0
476,2.738047212187755,2.559619753127765,0.5,4,URT,1e-06,100.0
477,3.031914642853044,3.208402724556411,0.5,4,LRT,1e-06,100.0
478,2.497148621627672,2.4703375932531424,0.5,5,URT,1e-06,100.0
479,5.1209674761608905,4.817744050854744,0.5,5,LRT,1e-06,100.0
480,2.384504371133468,2.4365115792818264,0.5,6,URT,1e-06,100.0
481,2.7143974935341406,2.688315589964888,0.5,6,LRT,1e-06,100.0
482,3.2437521489496604,3.3659607658297097,0.5,7,URT,1e-06,100.0
483,2.5530461195709924,2.443211608389073,0.5,7,LRT,1e-06,100.0
484,1.3508018133585398,3.0721806298864274,0.5,8,URT,1e-06,100.0
485,5.641759293379133,7.455508080417522,0.5,8,LRT,1e-06,100.0
486,0.3235494693699197,0.2928206751888238,0.5,0,URT,1e-05,1e-06
487,0.4886332141760734,0.31877406322178636,0.5,0,LRT,1e-05,1e-06
488,0.6301043408557545,0.3734528485662949,0.5,1,URT,1e-05,1e-06
489,1.5875044129656288,1.3160683532474602,0.5,1,LRT,1e-05,1e-06
490,0.25830922038510185,0.3343290389307514,0.5,2,URT,1e-05,1e-06
491,0.4645196958386455,0.2934379076261031,0.5,2,LRT,1e-05,1e-06
492,1.8727606953026137,1.9155948435747305,0.5,3,URT,1e-05,1e-06
493,1.5324093706279882,1.4058440759042208,0.5,3,LRT,1e-05,1e-06
494,0.607368862222363,0.3477021399414735,0.5,4,URT,1e-05,1e-06
495,1.4206892577892765,1.6180692675577113,0.5,4,LRT,1e-05,1e-06
496,0.3595731520938834,0.30613862047071994,0.5,5,URT,1e-05,1e-06
497,3.2464713548753146,2.944414268631742,0.5,5,LRT,1e-05,1e-06
498,0.24911555665219076,0.3254796022546458,0.5,6,URT,1e-05,1e-06
499,0.533056176319743,0.3282092670636576,0.5,6,LRT,1e-05,1e-06
500,3.2437521489496604,3.276134651706555,0.5,7,URT,1e-05,1e-06
501,0.2936969398740512,0.2591744347602223,0.5,7,LRT,1e-05,1e-06
502,1.3508018133585398,2.9514260748605685,0.5,8,URT,1e-05,1e-06
503,5.641759293379133,7.6415080782026035,0.5,8,LRT,1e-05,1e-06
504,0.3235549496477903,0.29282940501297894,0.5,0,URT,1e-05,1e-05
505,0.48864216190164456,0.3187792883839826,0.5,0,LRT,1e-05,1e-05
506,0.6300302108045779,0.37343164202208534,0.5,1,URT,1e-05,1e-05
507,1.587544987798041,1.3160680694298241,0.5,1,LRT,1e-05,1e-05
508,0.2583141107986098,0.3343336633203604,0.5,2,URT,1e-05,1e-05
509,0.4645257881007847,0.29344099675127033,0.5,2,LRT,1e-05,1e-05
510,1.8727139765643663,1.9155282997913714,0.5,3,URT,1e-05,1e-05
511,1.5323663269400924,1.40576711617397,0.5,3,LRT,1e-05,1e-05
512,0.6071568635104976,0.34760438897665225,0.5,4,URT,1e-05,1e-05
513,1.4206745909671108,1.6180587945413425,0.5,4,LRT,1e-05,1e-05
514,0.35957596745207443,0.30614210101587513,0.5,5,URT,1e-05,1e-05
515,3.246552778238332,2.944437302576171,0.5,5,LRT,1e-05,1e-05
516,0.24911976862177632,0.3254870651629336,0.5,6,URT,1e-05,1e-05
517,0.5331683960129707,0.32821379713623156,0.5,6,LRT,1e-05,1e-05
518,3.2437521489496604,3.276223486400624,0.5,7,URT,1e-05,1e-05
519,0.29370343470369953,0.2591808925380237,0.5,7,LRT,1e-05,1e-05
520,1.3508018133585398,2.951426074311347,0.5,8,URT,1e-05,1e-05
521,5.641759293379133,7.6415080472006265,0.5,8,LRT,1e-05,1e-05
522,0.32359859240305777,0.29287232607450875,0.5,0,URT,1e-05,0.0001
523,0.4887171224543696,0.3188271816592483,0.5,0,LRT,1e-05,0.0001
524,0.6301225019274597,0.3734688118668128,0.5,1,URT,1e-05,0.0001
525,1.5876089154342043,1.3161112292843198,0.5,1,LRT,1e-05,0.0001
526,0.25835570653526396,0.33437530999359577,0.5,2,URT,1e-05,0.0001
527,0.4645714593389494,0.29347999508621303,0.5,2,LRT,1e-05,0.0001
528,1.8727057752044907,1.9153823845191313,0.5,3,URT,1e-05,0.0001
529,1.532392270930801,1.4058231534238281,0.5,3,LRT,1e-05,0.0001
530,0.6071705806483338,0.3476699845596505,0.5,4,URT,1e-05,0.0001
531,1.4207026061722612,1.618088652399563,0.5,4,LRT,1e-05,0.0001
532,0.3596197575116875,0.3061788413043356,0.5,5,URT,1e-05,0.0001
533,3.24660598017394,2.944487971114686,0.5,5,LRT,1e-05,0.0001
534,0.2491596462060217,0.3255305795219492,0.5,6,URT,1e-05,0.0001
535,0.5333425092552542,0.3282862108308455,0.5,6,LRT,1e-05,0.0001
536,3.2437521489496604,3.276253392137366,0.5,7,URT,1e-05,0.0001
537,0.2937520326385714,0.25922864475886076,0.5,7,LRT,1e-05,0.0001
538,1.3508018133585398,2.951426023780021,0.5,8,URT,1e-05,0.0001
539,5.641759293379133,7.641489564172561,0.5,8,LRT,1e-05,0.0001
540,0.32401485933518437,0.29326587283220196,0.5,0,URT,1e-05,0.001
541,0.48920651091165546,0.3192409558702085,0.5,0,LRT,1e-05,0.001
542,0.6304189746191922,0.3737667215832632,0.5,1,URT,1e-05,0.001
543,1.5876513647172104,1.3162034811604437,0.5,1,LRT,1e-05,0.001
544,0.2587632064515679,0.3347882246873146,0.5,2,URT,1e-05,0.001
545,0.46501075891185106,0.29387125544365844,0.5,2,LRT,1e-05,0.001
546,1.8725520602469299,1.9154303133440997,0.5,3,URT,1e-05,0.001
547,1.5322683025061359,1.405684686745965,0.5,3,LRT,1e-05,0.001
548,0.6075452423216383,0.34806672311763887,0.5,4,URT,1e-05,0.001
549,1.4209920294002991,1.6183738244853219,0.5,4,LRT,1e-05,0.001
550,0.3600901933789995,0.3066138867424524,0.5,5,URT,1e-05,0.001
551,3.2469488861779805,2.944839472332016,0.5,5,LRT,1e-05,0.001
552,0.24955544799887885,0.3259319869685031,0.5,6,URT,1e-05,0.001
553,0.5338562156115607,0.32871397630492805,0.5,6,LRT,1e-05,0.001
554,3.2437521489496604,3.276269785259005,0.5,7,URT,1e-05,0.001
555,0.29426025798369615,0.25958965923027577,0.5,7,LRT,1e-05,0.001
556,1.3508018133585398,2.951423948403271,0.5,8,URT,1e-05,0.001
557,5.641759293379133,7.64157100258818,0.5,8,LRT,1e-05,0.001
558,0.3281656127621533,0.2971965857986447,0.5,0,URT,1e-05,0.01
559,0.4930138150581982,0.3231118699398561,0.5,0,LRT,1e-05,0.01
560,0.6342275163086333,0.37716022831644125,0.5,1,URT,1e-05,0.01
561,1.5885936461014767,1.3175145681757652,0.5,1,LRT,1e-05,0.01
562,0.26283235761541857,0.3388978089166459,0.5,2,URT,1e-05,0.01
563,0.4694065770624336,0.2977925409406499,0.5,2,LRT,1e-05,0.01
564,1.8729480599762622,1.915694070554074,0.5,3,URT,1e-05,0.01
565,1.532550289374238,1.4066584937875124,0.5,3,LRT,1e-05,0.01
566,0.6111028876874052,0.3519517026406431,0.5,4,URT,1e-05,0.01
567,1.423886922814435,1.6212315544892215,0.5,4,LRT,1e-05,0.01
568,0.3642913091627591,0.31071115868783483,0.5,5,URT,1e-05,0.01
569,3.2499049785060965,2.9480813057967445,0.5,5,LRT,1e-05,0.01
570,0.2535071419675585,0.3299093248511449,0.5,6,URT,1e-05,0.01
571,0.5378938126396111,0.33265450711968114,0.5,6,LRT,1e-05,0.01
572,3.2437521489496604,3.276424659349682,0.5,7,URT,1e-05,0.01
573,0.2990695689071332,0.2635940381640518,0.5,7,LRT,1e-05,0.01
574,1.3508018133585398,2.9514210304936097,0.5,8,URT,1e-05,0.01
575,5.641759293379133,7.641589346163064,0.5,8,LRT,1e-05,0.01
576,0.3693807264099185,0.3371991870019686,0.5,0,URT,1e-05,0.1
577,0.530000457183891,0.3618356569783838,0.5,0,LRT,1e-05,0.1
578,0.6714261838238968,0.4105921696682362,0.5,1,URT,1e-05,0.1
579,1.5975832965844008,1.3300209611951423,0.5,1,LRT,1e-05,0.1
580,0.30309877508959016,0.38008864438508905,0.5,2,URT,1e-05,0.1
581,0.5142668524721401,0.3377075240830907,0.5,2,LRT,1e-05,0.1
582,1.873941508434763,1.9163816635455744,0.5,3,URT,1e-05,0.1
583,1.5339246336510888,1.4143799572819233,0.5,3,LRT,1e-05,0.1
584,0.6470026910334923,0.39179500075804885,0.5,4,URT,1e-05,0.1
585,1.4524228857650616,1.649533130617538,0.5,4,LRT,1e-05,0.1
586,0.40481640419018206,0.35005418489740237,0.5,5,URT,1e-05,0.1
587,3.2839843277686853,2.982108975191818,0.5,5,LRT,1e-05,0.1
588,0.2924430409420591,0.3689351273475854,0.5,6,URT,1e-05,0.1
589,0.5764161187421912,0.3717879665214898,0.5,6,LRT,1e-05,0.1
590,3.2437521489496604,3.2763008313971422,0.5,7,URT,1e-05,0.1
591,0.34707014528029756,0.3045744873570273,0.5,7,LRT,1e-05,0.1
592,1.3508018133585398,3.07217626583447,0.5,8,URT,1e-05,0.1
593,5.641759293379133,7.455383646802554,0.5,8,LRT,1e-05,0.1
594,0.7100361469035033,0.6511514246051853,0.5,0,URT,1e-05,1.0
595,0.8162035134066423,0.6812628404877197,0.5,0,LRT,1e-05,1.0
596,0.9279151667397203,0.6986409737316333,0.5,1,URT,1e-05,1.0
597,1.6820914189642702,1.4368352615434556,0.5,1,LRT,1e-05,1.0
598,0.628293983343382,0.7047254667113867,0.5,2,URT,1e-05,1.0
599,0.7838149476546263,0.6728329612058328,0.5,2,LRT,1e-05,1.0
600,1.8941568560011888,1.9317048147485343,0.5,3,URT,1e-05,1.0
601,1.5529759154876475,1.4878842338613056,0.5,3,LRT,1e-05,1.0
602,0.9546212708299482,0.7264714848405136,0.5,4,URT,1e-05,1.0
603,1.6793816855644526,1.875376503745052,0.5,4,LRT,1e-05,1.0
604,0.7562182750058044,0.6678285319216011,0.5,5,URT,1e-05,1.0
605,3.5541948430900208,3.2521321680860025,0.5,5,LRT,1e-05,1.0
606,0.5980924229712299,0.6708709497579353,0.5,6,URT,1e-05,1.0
607,0.8962431002086158,0.7196844850716637,0.5,6,LRT,1e-05,1.0
608,3.2437521489496604,3.277234381379522,0.5,7,URT,1e-05,1.0
609,0.7600490947444474,0.6269637492460411,0.5,7,LRT,1e-05,1.0
610,1.3508018133585398,3.148044451025635,0.5,8,URT,1e-05,1.0
611,5.641759293379133,7.4553385656745075,0.5,8,LRT,1e-05,1.0
612,1.5022277812952476,1.4416766251431676,0.5,0,URT,1e-05,10.0
613,1.6642695937629775,1.5181685963410807,0.5,0,LRT,1e-05,10.0
614,1.7437731998572366,1.578176078000162,0.5,1,URT,1e-05,10.0
615,2.0505858539364805,1.8957096142317855,0.5,1,LRT,1e-05,10.0
616,1.552201733929933,1.5184411741199115,0.5,2,URT,1e-05,10.0
617,1.5158586550202306,1.5152938485353777,0.5,2,LRT,1e-05,10.0
618,2.0817256341807058,2.063369558525089,0.5,3,URT,1e-05,10.0
619,1.7291594114296407,1.8428458237213494,0.5,3,LRT,1e-05,10.0
620,1.7762506383684649,1.576448410891098,0.5,4,URT,1e-05,10.0
621,2.2872375907319658,2.47801875564779,0.5,4,LRT,1e-05,10.0
622,1.5231685852543615,1.4967364006546857,0.5,5,URT,1e-05,10.0
623,4.269002038226783,3.966330067233084,0.5,5,LRT,1e-05,10.0
624,1.4410292816738748,1.4614024914323682,0.5,6,URT,1e-05,10.0
625,1.6921443710851722,1.6756665740009211,0.5,6,LRT,1e-05,10.0
626,3.2437521489496604,3.2859331629918085,0.5,7,URT,1e-05,10.0
627,1.3806233965581454,1.3919091021224004,0.5,7,LRT,1e-05,10.0
628,1.3508018133585398,3.0721764381758905,0.5,8,URT,1e-05,10.0
629,5.641759293379133,7.455332247625483,0.5,8,LRT,1e-05,10.0
630,2.4992938325206318,2.4530818612521066,0.5,0,URT,1e-05,100.0
631,2.6224897551591644,2.50084186636406,0.5,0,LRT,1e-05,100.0
632,2.706464407572251,2.569805528788714,0.5,1,URT,1e-05,100.0
633,2.786726647513996,2.655941892543237,0.5,1,LRT,1e-05,100.0
634,2.3895984998752215,2.4411360502758024,0.5,2,URT,1e-05,100.0
635,2.5421037121633994,2.5040836301491476,0.5,2,LRT,1e-05,100.0
636,2.9497538571788153,2.679737913568143,0.5,3,URT,1e-05,100.0
637,2.602766187325491,2.5704004691322266,0.5,3,LRT,1e-05,100.0
638,2.738015539438782,2.5595959081317945,0.5,4,URT,1e-05,100.0
639,3.0317984510277824,3.208285001806563,0.5,4,LRT,1e-05,100.0
640,2.49712538250999,2.4702555320753143,0.5,5,URT,1e-05,100.0
641,5.120796507784677,4.8175842945274425,0.5,5,LRT,1e-05,100.0
642,2.3844606227631804,2.4360382592227596,0.5,6,URT,1e-05,100.0
643,2.714393608293614,2.6882672724815437,0.5,6,LRT,1e-05,100.0
644,3.2437521489496604,3.3658881907526155,0.5,7,URT,1e-05,100.0
645,2.5529889563190533,2.4431295463138074,0.5,7,LRT,1e-05,100.0
646,1.3508018133585398,3.148044671132053,0.5,8,URT,1e-05,100.0
647,5.641759293379133,7.641805828261299,0.5,8,LRT,1e-05,100.0
648,0.3235249985469588,0.2927920893831466,0.5,0,URT,0.0001,1e-06
649,0.48842581549026765,0.3186672266016579,0.5,0,LRT,0.0001,1e-06
650,0.6299573416096012,0.37326333200665385,0.5,1,URT,0.0001,1e-06
651,1.5863809834279223,1.315073748256336,0.5,1,LRT,0.0001,1e-06
652,0.2582795601290462,0.33430905378255993,0.5,2,URT,0.0001,1e-06
653,0.4646784886986053,0.29338861046212017,0.5,2,LRT,0.0001,1e-06
654,1.8717676380322428,1.9146504721893747,0.5,3,URT,0.0001,1e-06
655,1.5314631818937965,1.404955961295613,0.5,3,LRT,0.0001,1e-06
656,0.6072017688068989,0.34764989700026927,0.5,4,URT,0.0001,1e-06
657,1.4196604569602123,1.6170788626919608,0.5,4,LRT,0.0001,1e-06
658,0.35954001099142996,0.30610221397830184,0.5,5,URT,0.0001,1e-06
659,3.2453069042888902,2.9433565897153287,0.5,5,LRT,0.0001,1e-06
660,0.24907896840898403,0.3254455683549464,0.5,6,URT,0.0001,1e-06
661,0.533045840239005,0.32816764381422203,0.5,6,LRT,0.0001,1e-06
662,3.2437521489496604,3.275297934744295,0.5,7,URT,0.0001,1e-06
663,0.29380182058836635,0.25917497845440085,0.5,7,LRT,0.0001,1e-06
664,1.3508018133585398,2.9514215734466283,0.5,8,URT,0.0001,1e-06
665,5.641759293379133,7.641033838627559,0.5,8,LRT,0.0001,1e-06
666,0.3235304795953029,0.29280079405116943,0.5,0,URT,0.0001,1e-05
667,0.488434699423431,0.318672433676749,0.5,0,LRT,0.0001,1e-05
668,0.6298829999003992,0.3732420741605962,0.5,1,URT,0.0001,1e-05
669,1.5864218338946197,1.315073268660199,0.5,1,LRT,0.0001,1e-05
670,0.2582844505437949,0.3343136707605989,0.5,2,URT,0.0001,1e-05
671,0.4646845753203923,0.29339169600174664,0.5,2,LRT,0.0001,1e-05
672,1.871724569410476,1.9145854304625303,0.5,3,URT,0.0001,1e-05
673,1.5314211965374342,1.404876770883468,0.5,3,LRT,0.0001,1e-05
674,0.6069897952264505,0.34755220855385716,0.5,4,URT,0.0001,1e-05
675,1.4196457435209089,1.6170683488870772,0.5,4,LRT,0.0001,1e-05
676,0.3595428462848771,0.3061057077054077,0.5,5,URT,0.0001,1e-05
677,3.2453877844246906,2.943379419918836,0.5,5,LRT,0.0001,1e-05
678,0.24908317964107507,0.32545309761950225,0.5,6,URT,0.0001,1e-05
679,0.5331579287296799,0.32817189366480726,0.5,6,LRT,0.0001,1e-05
680,3.2437521489496604,3.2753762951154193,0.5,7,URT,0.0001,1e-05
681,0.2938083090521397,0.2591814140254787,0.5,7,LRT,0.0001,1e-05
682,1.3508018133585398,2.9514215728950184,0.5,8,URT,0.0001,1e-05
683,5.641759293379133,7.641033814495551,0.5,8,LRT,0.0001,1e-05
684,0.3235741155945515,0.2928436549315565,0.5,0,URT,0.0001,0.0001
685,0.48850952948661774,0.31872025453997566,0.5,0,LRT,0.0001,0.0001
686,0.6299758051644799,0.3732793736734141,0.5,1,URT,0.0001,0.0001
687,1.5864859471021706,1.3151168793999988,0.5,1,LRT,0.0001,0.0001
688,0.258326037862858,0.33435530000542446,0.5,2,URT,0.0001,0.0001
689,0.464730243152073,0.29343068493992686,0.5,2,LRT,0.0001,0.0001
690,1.8713030852342145,1.9143040695101439,0.5,3,URT,0.0001,0.0001
691,1.5314032260760593,1.4048881208601216,0.5,3,LRT,0.0001,0.0001
692,0.6070032419996494,0.34761793571749067,0.5,4,URT,0.0001,0.0001
693,1.4196737486749154,1.6170981977146086,0.5,4,LRT,0.0001,0.0001
694,0.35958677488393676,0.3061426064852606,0.5,5,URT,0.0001,0.0001
695,3.245441559534939,2.943430764519615,0.5,5,LRT,0.0001,0.0001
696,0.24912304730174029,0.32549657103647966,0.5,6,URT,0.0001,0.0001
697,0.5333316005273065,0.32824395028585673,0.5,6,LRT,0.0001,0.0001
698,3.2437521489496604,3.2754060045847337,0.5,7,URT,0.0001,0.0001
699,0.29385688532911214,0.25922906014633984,0.5,7,LRT,0.0001,0.0001
700,1.3508018133585398,2.9514215221710627,0.5,8,URT,0.0001,0.0001
701,5.641759293379133,7.641015573661743,0.5,8,LRT,0.0001,0.0001
702,0.32399029859044237,0.29323697465512666,0.5,0,URT,0.0001,0.001
703,0.48899844657969194,0.31913379944210263,0.5,0,LRT,0.0001,0.001
704,0.6302720774065671,0.3735771655805147,0.5,1,URT,0.0001,0.001
705,1.586528379470101,1.315209375352289,0.5,1,LRT,0.0001,0.001
706,0.25873344888509564,0.33476809301467547,0.5,2,URT,0.0001,0.001
707,0.46516949837338917,0.29382184685441537,0.5,2,LRT,0.0001,0.001
708,1.8715632217369036,1.9144875924680864,0.5,3,URT,0.0001,0.001
709,1.5313237258834294,1.404795630390688,0.5,3,LRT,0.0001,0.001
710,0.6073779286193934,0.3480144698661132,0.5,4,URT,0.0001,0.001
711,1.4199631039041787,1.6173832890260664,0.5,4,LRT,0.0001,0.001
712,0.3600572471829038,0.3065777384240578,0.5,5,URT,0.0001,0.001
713,3.2457847056304994,2.9437822571382286,0.5,5,LRT,0.0001,0.001
714,0.24951874849884614,0.32589784461522076,0.5,6,URT,0.0001,0.001
715,0.5338445553498632,0.3286713162064556,0.5,6,LRT,0.0001,0.001
716,3.2437521489496604,3.2754213024712104,0.5,7,URT,0.0001,0.001
717,0.29436496898932596,0.259589135288957,0.5,7,LRT,0.0001,0.001
718,1.3508018133585398,3.007613812051293,0.5,8,URT,0.0001,0.001
719,5.641759293379133,7.4550162040431385,0.5,8,LRT,0.0001,0.001
720,0.3281402121972077,0.29716648237271404,0.5,0,URT,0.0001,0.01
721,0.4928051450295161,0.3230035954422288,0.5,0,LRT,0.0001,0.01
722,0.6340836819525162,0.37697140435547993,0.5,1,URT,0.0001,0.01
723,1.5874722645845853,1.3165221853958746,0.5,1,LRT,0.0001,0.01
724,0.2628017069701425,0.33887658203019466,0.5,2,URT,0.0001,0.01
725,0.46956491787644694,0.2977421489579264,0.5,2,LRT,0.0001,0.01
726,1.8719589386333038,1.9147517343820883,0.5,3,URT,0.0001,0.01
727,1.5316056880671622,1.4057698098321572,0.5,3,LRT,0.0001,0.01
728,0.6109373645742471,0.3518984150269544,0.5,4,URT,0.0001,0.01
729,1.422857158113759,1.6202400966036334,0.5,4,LRT,0.0001,0.01
730,0.36425748889900067,0.3106738700757914,0.5,5,URT,0.0001,0.01
731,3.2487409116518036,2.9470239709544375,0.5,5,LRT,0.0001,0.01
732,0.2534694332861429,0.32987403808319815,0.5,6,URT,0.0001,0.01
733,0.5378715452632994,0.33260726875404334,0.5,6,LRT,0.0001,0.01
734,3.2437521489496604,3.275575743022168,0.5,7,URT,0.0001,0.01
735,0.2991737755109458,0.2635918862504605,0.5,7,LRT,0.0001,0.01
736,1.3508018133585398,2.951416524207935,0.5,8,URT,0.0001,0.01
737,5.641759293379133,7.641115205633212,0.5,8,LRT,0.0001,0.01
738,0.36934659799612657,0.33715730570511404,0.5,0,URT,0.0001,0.1
739,0.5297917127849967,0.3617178383241999,0.5,0,LRT,0.0001,0.1
740,0.6713040344355381,0.41040552473783265,0.5,1,URT,0.0001,0.1
741,1.596478314146057,1.329044734539262,0.5,1,LRT,0.0001,0.1
742,0.30305885819696865,0.3800561850522062,0.5,2,URT,0.0001,0.1
743,0.514426522646243,0.33764822245944703,0.5,2,LRT,0.0001,0.1
744,1.872956565596021,1.9154403636195774,0.5,3,URT,0.0001,0.1
745,1.5329839481338388,1.4134997854225269,0.5,3,LRT,0.0001,0.1
746,0.6468582811252759,0.3917306938719989,0.5,4,URT,0.0001,0.1
747,1.4513838686368663,1.648532012768369,0.5,4,LRT,0.0001,0.1
748,0.4047775289576654,0.35000454587580876,0.5,5,URT,0.0001,0.1
749,3.282808376206333,2.981039846027878,0.5,5,LRT,0.0001,0.1
750,0.2923949624025193,0.3688884341885643,0.5,6,URT,0.0001,0.1
751,0.5763880560081986,0.3717308813610227,0.5,6,LRT,0.0001,0.1
752,3.2437521489496604,3.2754500934828568,0.5,7,URT,0.0001,0.1
753,0.3471690220896706,0.30455627868146795,0.5,7,LRT,0.0001,0.1
754,1.3508018133585398,3.0721703106656775,0.5,8,URT,0.0001,0.1
755,5.641759293379133,7.455075085402065,0.5,8,LRT,0.0001,0.1
756,0.7098959154107085,0.6509800398687693,0.5,0,URT,0.0001,1.0
757,0.8160300864537238,0.6810814915004579,0.5,0,LRT,0.0001,1.0
758,0.9276305328716301,0.6984892334056827,0.5,1,URT,0.0001,1.0
759,1.6811461432722359,1.4359874535314425,0.5,1,LRT,0.0001,1.0
760,0.628147961918649,0.7045685306013123,0.5,2,URT,0.0001,1.0
761,0.7834504952080072,0.6726810178810174,0.5,2,LRT,0.0001,1.0
762,1.893224772574238,1.9307996834471286,0.5,3,URT,0.0001,1.0
763,1.5520719112080634,1.4871048330378338,0.5,3,LRT,0.0001,1.0
764,0.9543303398521976,0.7263255329689411,0.5,4,URT,0.0001,1.0
765,1.6782729654835862,1.8743030865655195,0.5,4,LRT,0.0001,1.0
766,0.7561062855492331,0.6676524488302107,0.5,5,URT,0.0001,1.0
767,3.5529139013080604,3.2509584267864815,0.5,5,LRT,0.0001,1.0
768,0.597936259335941,0.6707085261385028,0.5,6,URT,0.0001,1.0
769,0.8960190985657688,0.7194896004806761,0.5,6,LRT,0.0001,1.0
770,3.2437521489496604,3.27638539432374,0.5,7,URT,0.0001,1.0
771,0.7600451833678648,0.6267639115290535,0.5,7,LRT,0.0001,1.0
772,1.3508018133585398,3.0721738950465562,0.5,8,URT,0.0001,1.0
773,5.641759293379133,7.455029698764216,0.5,8,LRT,0.0001,1.0
774,1.5020023543729328,1.4408702904745274,0.5,0,URT,0.0001,10.0
775,1.6644510114976638,1.5179190885159928,0.5,0,LRT,0.0001,10.0
776,1.7434032467561709,1.5779745325366514,0.5,1,URT,0.0001,10.0
777,2.0499726871183874,1.895188105270825,0.5,1,LRT,0.0001,10.0
778,1.5513083495238629,1.5174219253931147,0.5,2,URT,0.0001,10.0
779,1.5155953236639155,1.5150316927936442,0.5,2,LRT,0.0001,10.0
780,2.0810745222905127,2.062656029222901,0.5,3,URT,0.0001,10.0
781,1.7285486016277458,1.8423089435137472,0.5,3,LRT,0.0001,10.0
782,1.775888284528821,1.5762227254587762,0.5,4,URT,0.0001,10.0
783,2.286051939876816,2.4768552218504842,0.5,4,LRT,0.0001,10.0
784,1.5229237758395362,1.496115939703337,0.5,5,URT,0.0001,10.0
785,4.267512073672673,3.96494939105364,0.5,5,LRT,0.0001,10.0
786,1.4401150669733296,1.4603073878422883,0.5,6,URT,0.0001,10.0
787,1.6919403691539445,1.6751880682004554,0.5,6,LRT,0.0001,10.0
788,3.2437521489496604,3.285247480931971,0.5,7,URT,0.0001,10.0
789,1.3803822890061026,1.3913996614126845,0.5,7,LRT,0.0001,10.0
790,1.3508018133585398,3.072170483485636,0.5,8,URT,0.0001,10.0
791,5.641759293379133,7.4550235991123746,0.5,8,LRT,0.0001,10.0
792,2.4987323876821184,2.4516623164995113,0.5,0,URT,0.0001,100.0
793,2.622141670376016,2.5006179609170687,0.5,0,LRT,0.0001,100.0
794,2.706147032764998,2.5695802342053633,0.5,1,URT,0.0001,100.0
795,2.786681743533446,2.6555671509608096,0.5,1,LRT,0.0001,100.0
796,2.3892999029070885,2.439377309964919,0.5,2,URT,0.0001,100.0
797,2.5418296360263435,2.5036893610018405,0.5,2,LRT,0.0001,100.0
798,2.949376166191502,2.679448825237547,0.5,3,URT,0.0001,100.0
799,2.6023562264921134,2.5701003987791937,0.5,3,LRT,0.0001,100.0
800,2.7376989036579613,2.559357422574644,0.5,4,URT,0.0001,100.0
801,3.030636835128502,3.2071079588337934,0.5,4,LRT,0.0001,100.0
802,2.496892972074021,2.4694341546842518,0.5,5,URT,0.0001,100.0
803,5.119323077177883,4.8161872905103005,0.5,5,LRT,0.0001,100.0
804,2.384023165825016,2.4312931911765077,0.5,6,URT,0.0001,100.0
805,2.7143548247669376,2.687783870666159,0.5,6,LRT,0.0001,100.0
806,3.2437521489496604,3.3651567551448105,0.5,7,URT,0.0001,100.0
807,2.552417155160687,2.442308324606696,0.5,7,LRT,0.0001,100.0
808,1.3508018133585398,3.1480375818708617,0.5,8,URT,0.0001,100.0
809,5.641759293379133,7.641332368863008,0.5,8,LRT,0.0001,100.0
810,0.32328179532555534,0.29250613842108475,0.5,0,URT,0.001,1e-06
811,0.48639328855008834,0.3176013157400934,0.5,0,LRT,0.001,1e-06
812,0.6285256629737903,0.37138335425897306,0.5,1,URT,0.001,1e-06
813,1.575184985793097,1.3051709769039173,0.5,1,LRT,0.001,1e-06
814,0.25798403947476434,0.33410953505470875,0.5,2,URT,0.001,1e-06
815,0.4662808881148157,0.2928949394044196,0.5,2,LRT,0.001,1e-06
816,1.861928991726883,1.9052555316188915,0.5,3,URT,0.001,1e-06
817,1.5220414199289936,1.3961068917142194,0.5,3,LRT,0.001,1e-06
818,0.6055626024054952,0.3471277828066892,0.5,4,URT,0.001,1e-06
819,1.4093772002607636,1.6071758116582249,0.5,4,LRT,0.001,1e-06
820,0.35921256828967785,0.30573813367534,0.5,5,URT,0.001,1e-06
821,3.2336637938662705,2.9327730093087254,0.5,5,LRT,0.001,1e-06
822,0.2487135197585193,0.3251058366253856,0.5,6,URT,0.001,1e-06
823,0.5329454508863565,0.32775091762198283,0.5,6,LRT,0.001,1e-06
824,3.2437521489496604,3.2668685416353083,0.5,7,URT,0.001,1e-06
825,0.2948578061120699,0.2591763277859549,0.5,7,LRT,0.001,1e-06
826,1.3508018133585398,3.07211839018904,0.5,8,URT,0.001,1e-06
827,5.641759293379133,7.636281399827095,0.5,8,LRT,0.001,1e-06
828,0.32328728343739765,0.2925145862330476,0.5,0,URT,0.001,1e-05
829,0.4864015666008852,0.3176063493194796,0.5,0,LRT,0.001,1e-05
830,0.6284493130423519,0.3713617280640298,0.5,1,URT,0.001,1e-05
831,1.575228173259493,1.3051689132249242,0.5,1,LRT,0.001,1e-05
832,0.25798892987811506,0.3341140775912459,0.5,2,URT,0.001,1e-05
833,0.46628691503748243,0.29289798791980104,0.5,2,LRT,0.001,1e-05
834,1.8618375474958668,1.9051618084324051,0.5,3,URT,0.001,1e-05
835,1.5219776462615764,1.3959982201109469,0.5,3,LRT,0.001,1e-05
836,0.6053506691904822,0.3470306369038356,0.5,4,URT,0.001,1e-05
837,1.409362025942972,1.607164891850128,0.5,4,LRT,0.001,1e-05
838,0.35921559908839296,0.30574681820326877,0.5,5,URT,0.001,1e-05
839,3.2336012788026363,2.9326948476970074,0.5,5,LRT,0.001,1e-05
840,0.24871772361488365,0.32511339932597316,0.5,6,URT,0.001,1e-05
841,0.5330557457647158,0.3277522232453478,0.5,6,LRT,0.001,1e-05
842,3.2437521489496604,3.2669019192608952,0.5,7,URT,0.001,1e-05
843,0.2948642303982032,0.2591825373463852,0.5,7,LRT,0.001,1e-05
844,1.3508018133585398,3.0721183896641593,0.5,8,URT,0.001,1e-05
845,5.641759293379133,7.636281355570032,0.5,8,LRT,0.001,1e-05
846,0.32333085060126177,0.2925568356683579,0.5,0,URT,0.001,0.0001
847,0.48647509238039355,0.3176534695089952,0.5,0,LRT,0.001,0.0001
848,0.6285471914311174,0.371400270711316,0.5,1,URT,0.001,0.0001
849,1.5752940917367173,1.3052171104267183,0.5,1,LRT,0.001,0.0001
850,0.2580304330810943,0.3341555323792962,0.5,2,URT,0.001,0.0001
851,0.4663325497140436,0.29293688339870894,0.5,2,LRT,0.001,0.0001
852,1.8614545185602407,1.904901824589972,0.5,3,URT,0.001,0.0001
853,1.5219739311050509,1.3960322403835823,0.5,3,LRT,0.001,0.0001
854,0.6053613852013369,0.3470976990664507,0.5,4,URT,0.001,0.0001
855,1.4093899270987533,1.6071946469733795,0.5,4,LRT,0.001,0.0001
856,0.3592608777881665,0.3057802640303606,0.5,5,URT,0.001,0.0001
857,3.233799291251554,2.9328522444376555,0.5,5,LRT,0.001,0.0001
858,0.248757492165816,0.3251564652666019,0.5,6,URT,0.001,0.0001
859,0.5332243138091837,0.3278207539085738,0.5,6,LRT,0.001,0.0001
860,3.2437521489496604,3.2669243242802413,0.5,7,URT,0.001,0.0001
861,0.2949125925545495,0.259229123062628,0.5,7,LRT,0.001,0.0001
862,1.3508018133585398,3.072118478292813,0.5,8,URT,0.001,0.0001
863,5.641759293379133,7.636244686858658,0.5,8,LRT,0.001,0.0001
864,0.323746192886472,0.29294786907056913,0.5,0,URT,0.001,0.001
865,0.4869590419131038,0.3180646327555188,0.5,0,LRT,0.001,0.001
866,0.6288415091713775,0.3716969516455313,0.5,1,URT,0.001,0.001
867,1.5753363924499988,1.305311987018861,0.5,1,LRT,0.001,0.001
868,0.258436955681999,0.33456710919059773,0.5,2,URT,0.001,0.001
869,0.46677137264462853,0.2933270676660582,0.5,2,LRT,0.001,0.001
870,1.8616836504620995,1.9050664996815776,0.5,3,URT,0.001,0.001
871,1.5218863744644775,1.3959303701050123,0.5,3,LRT,0.001,0.001
872,0.6057363251568306,0.3474922014457258,0.5,4,URT,0.001,0.001
873,1.4096786172593374,1.6074789439666377,0.5,4,LRT,0.001,0.001
874,0.3597316520898275,0.3062131509019679,0.5,5,URT,0.001,0.001
875,3.2341596774835013,2.9332210500202063,0.5,5,LRT,0.001,0.001
876,0.24915218875790757,0.3255564281465535,0.5,6,URT,0.001,0.001
877,0.5337290056751653,0.3282441756178889,0.5,6,LRT,0.001,0.001
878,3.2437521489496604,3.2669359999879273,0.5,7,URT,0.001,0.001
879,0.29541926066964663,0.25957978488059563,0.5,7,LRT,0.001,0.001
880,1.3508018133585398,3.0721157575049807,0.5,8,URT,0.001,0.001
881,5.641759293379133,7.636298811057973,0.5,8,LRT,0.001,0.001
882,0.32788770573604786,0.2968654012224734,0.5,0,URT,0.001,0.01
883,0.49075971083976455,0.32192325165068425,0.5,0,LRT,0.001,0.01
884,0.6326836225184511,0.37509834245134854,0.5,1,URT,0.001,0.01
885,1.5762964226227352,1.3066418633616985,0.5,1,LRT,0.001,0.01
886,0.2624962885748774,0.3386646654732717,0.5,2,URT,0.001,0.01
887,0.4711629329029927,0.29723761041622687,0.5,2,LRT,0.001,0.01
888,1.8620745439687258,1.9053334027320883,0.5,3,URT,0.001,0.01
889,1.5221670202615192,1.3969070219038864,0.5,3,LRT,0.001,0.01
890,0.6092623628932463,0.3513424410894679,0.5,4,URT,0.001,0.01
891,1.412559680038469,1.6103253787908978,0.5,4,LRT,0.001,0.01
892,0.36392302864444037,0.3103012003037753,0.5,5,URT,0.001,0.01
893,3.237097009565561,2.9364273206122657,0.5,5,LRT,0.001,0.01
894,0.2530927954885067,0.32952120713807975,0.5,6,URT,0.001,0.01
895,0.5376497024179985,0.3321348608214274,0.5,6,LRT,0.001,0.01
896,3.2437521489496604,3.267086049535666,0.5,7,URT,0.001,0.01
897,0.30022300578845407,0.2635663229460956,0.5,7,LRT,0.001,0.01
898,1.3508018133585398,3.0721118218398775,0.5,8,URT,0.001,0.01
899,5.641759293379133,7.636341526399462,0.5,8,LRT,0.001,0.01
900,0.3690068044861974,0.3367385895034962,0.5,0,URT,0.001,0.1
901,0.5277454643181851,0.3605421394708017,0.5,0,LRT,0.001,0.1
902,0.6701198229459884,0.4085537801973267,0.5,1,URT,0.001,0.1
903,1.5854682614552003,1.3193257850599727,0.5,1,LRT,0.001,0.1
904,0.3026608307961256,0.3797320799518449,0.5,2,URT,0.001,0.1
905,0.5156504230720218,0.3368989718683002,0.5,2,LRT,0.001,0.1
906,1.863121987036882,1.9060381044082035,0.5,3,URT,0.001,0.1
907,1.5235880410941398,1.404728133743144,0.5,3,LRT,0.001,0.1
908,0.6454448221312248,0.3910879792896935,0.5,4,URT,0.001,0.1
909,1.4409990067112854,1.6385223570978287,0.5,4,LRT,0.001,0.1
910,0.40439244275676955,0.3495083298626076,0.5,5,URT,0.001,0.1
911,3.2710508129438765,2.9703420769853857,0.5,5,LRT,0.001,0.1
912,0.29191478113967584,0.368421764870436,0.5,6,URT,0.001,0.1
913,0.5761141142034569,0.37116215188929935,0.5,6,LRT,0.001,0.1
914,3.2437521489496604,3.2669424591194303,0.5,7,URT,0.001,0.1
915,0.3481644301489011,0.3043699860561855,0.5,7,LRT,0.001,0.1
916,1.3508018133585398,2.9513704222543664,0.5,8,URT,0.001,0.1
917,5.641759293379133,7.6364187345450825,0.5,8,LRT,0.001,0.1
918,0.7084961038916289,0.6492701407459185,0.5,0,URT,0.001,1.0
919,0.8143442107342267,0.6792710108017168,0.5,0,LRT,0.001,1.0
920,0.9248153108269586,0.6969799992477501,0.5,1,URT,0.001,1.0
921,1.6717498604630023,1.4275512090519609,0.5,1,LRT,0.001,1.0
922,0.6266907494863823,0.7030030646298737,0.5,2,URT,0.001,1.0
923,0.7798231752356966,0.6711608621823357,0.5,2,LRT,0.001,1.0
924,1.8838090591607717,1.9217109248617055,0.5,3,URT,0.001,1.0
925,1.5430079344755558,1.4793298531347494,0.5,3,LRT,0.001,1.0
926,0.9514458101952519,0.7248669135058892,0.5,4,URT,0.001,1.0
927,1.667193811300769,1.863572706629082,0.5,4,LRT,0.001,1.0
928,0.7549875256873131,0.6658953795847617,0.5,5,URT,0.001,1.0
929,3.5401096022185126,3.239217639649568,0.5,5,LRT,0.001,1.0
930,0.5963781061321312,0.6690881034595453,0.5,6,URT,0.001,1.0
931,0.8937897240314578,0.7175471710805708,0.5,6,LRT,0.001,1.0
932,3.2437521489496604,3.2678951630927027,0.5,7,URT,0.001,1.0
933,0.760007417569553,0.6247649344879145,0.5,7,LRT,0.001,1.0
934,1.3508018133585398,3.072114205588167,0.5,8,URT,0.001,1.0
935,5.641759293379133,7.451913471525843,0.5,8,LRT,0.001,1.0
936,1.4997472421556077,1.4328070485040652,0.5,0,URT,0.001,10.0
937,1.666268280075565,1.515628720544349,0.5,0,LRT,0.001,10.0
938,1.7397236051309708,1.575955821146267,0.5,1,URT,0.001,10.0
939,2.0439177163112223,1.889994572475862,0.5,1,LRT,0.001,10.0
940,1.5424271318386262,1.5072794987509708,0.5,2,URT,0.001,10.0
941,1.5130003221370112,1.512399540671245,0.5,2,LRT,0.001,10.0
942,2.074587172192188,2.05553721398638,0.5,3,URT,0.001,10.0
943,1.7224660231260494,1.83694684584568,0.5,3,LRT,0.001,10.0
944,1.7722783254764751,1.5739577899162143,0.5,4,URT,0.001,10.0
945,2.2742352707141364,2.4652485467027656,0.5,4,LRT,0.001,10.0
946,1.5204715878874904,1.48989724595174,0.5,5,URT,0.001,10.0
947,4.251716059933612,3.9502449557700485,0.5,5,LRT,0.001,10.0
948,1.4310381618577352,1.4494900952114502,0.5,6,URT,0.001,10.0
949,1.6899051258953737,1.6703608645467014,0.5,6,LRT,0.001,10.0
950,3.2437521489496604,3.2768330726220696,0.5,7,URT,0.001,10.0
951,1.3779725486076018,1.3862913583698262,0.5,7,LRT,0.001,10.0
952,1.3508018133585398,3.07211077793996,0.5,8,URT,0.001,10.0
953,5.641759293379133,7.636338632967654,0.5,8,LRT,0.001,10.0
954,2.4931236209738197,2.437266118903717,0.5,0,URT,0.001,100.0
955,2.6188337730261386,2.4984955673258815,0.5,0,LRT,0.001,100.0
956,2.702985492788419,2.567324803489714,0.5,1,URT,0.001,100.0
957,2.7863186893777367,2.651824548461252,0.5,1,LRT,0.001,100.0
958,2.386312401026198,2.4214026419205874,0.5,2,URT,0.001,100.0
959,2.5427511587004714,2.5015711843722066,0.5,2,LRT,0.001,100.0
960,2.945629410969696,2.67656799126762,0.5,3,URT,0.001,100.0
961,2.5982866008898178,2.5670959670998057,0.5,3,LRT,0.001,100.0
962,2.7345417219666106,2.556968997674335,0.5,4,URT,0.001,100.0
963,3.019049001425032,3.195355625301909,0.5,4,LRT,0.001,100.0
964,2.494566936001763,2.4611432352343883,0.5,5,URT,0.001,100.0
965,5.102264989002608,4.800257191897921,0.5,5,LRT,0.001,100.0
966,2.3796512718389815,2.3827495810822663,0.5,6,URT,0.001,100.0
967,2.7139726087185343,2.6829289473617095,0.5,6,LRT,0.001,100.0
968,3.2437521489496604,3.3576567735527765,0.5,7,URT,0.001,100.0
969,2.5466824147681137,2.4340356536052647,0.5,7,LRT,0.001,100.0
970,1.3508018133585398,3.072114397203859,0.5,8,URT,0.001,100.0
971,5.641759293379133,7.452057953928371,0.5,8,LRT,0.001,100.0
972,0.32099521576003287,0.28963447072242765,0.5,0,URT,0.01,1e-06
973,0.47016811190639896,0.307210474958012,0.5,0,LRT,0.01,1e-06
974,0.6179942666568596,0.35406661569706,0.5,1,URT,0.01,1e-06
975,1.4673142514796904,1.2105265608178168,0.5,1,LRT,0.01,1e-06
976,0.25513400065198244,0.33214586872232665,0.5,2,URT,0.01,1e-06
977,0.46433970355825505,0.287894241876157,0.5,2,LRT,0.01,1e-06
978,1.7637206400650478,1.8115384094761744,0.5,3,URT,0.01,1e-06
979,1.4283222842789511,1.309709097007194,0.5,3,LRT,0.01,1e-06
980,0.5923802023386431,0.34195678216226977,0.5,4,URT,0.01,1e-06
981,1.3071176648528677,1.5083130153717415,0.5,4,LRT,0.01,1e-06
982,0.3563212732329637,0.30210559338581344,0.5,5,URT,0.01,1e-06
983,3.1172280787158,2.826162489278766,0.5,5,LRT,0.01,1e-06
984,0.24510151910363032,0.3217094494103412,0.5,6,URT,0.01,1e-06
985,0.5321285986915596,0.3235228323374608,0.5,6,LRT,0.01,1e-06
986,3.2234985997531362,3.1820890683296583,0.5,7,URT,0.01,1e-06
987,0.3060970081782699,0.2587379120498561,0.5,7,LRT,0.01,1e-06
988,1.3508018133585398,3.071506031396206,0.5,8,URT,0.01,1e-06
989,5.641759293379133,7.4179732955646145,0.5,8,LRT,0.01,1e-06
990,0.32100072444079775,0.2896399126323921,0.5,0,URT,0.01,1e-05
991,0.47017424565391064,0.3072155973655981,0.5,0,LRT,0.01,1e-05
992,0.6179447037798944,0.35406876888351935,0.5,1,URT,0.01,1e-05
993,1.4673705499840812,1.2105527171110264,0.5,1,LRT,0.01,1e-05
994,0.2551388914413737,0.33214963037751755,0.5,2,URT,0.01,1e-05
995,0.46433907778651395,0.2878967293424406,0.5,2,LRT,0.01,1e-05
996,1.763975878305457,1.811658529313835,0.5,3,URT,0.01,1e-05
997,1.4284833120606333,1.3099509253166346,0.5,3,LRT,0.01,1e-05
998,0.5920198044164264,0.34184873879014877,0.5,4,URT,0.01,1e-05
999,1.3070801545672435,1.5082921294903429,0.5,4,LRT,0.01,1e-05
1000,0.3563258834943328,0.3021098944297238,0.5,5,URT,0.01,1e-05
1001,3.1173745376758246,2.8262753055806114,0.5,5,LRT,0.01,1e-05
1002,0.24510564926094514,0.3217157775938464,0.5,6,URT,0.01,1e-05
1003,0.5321652211133161,0.32349440632321436,0.5,6,LRT,0.01,1e-05
1004,3.2235256643738435,3.1821150762869688,0.5,7,URT,0.01,1e-05
1005,0.30610280184374705,0.2587415264756272,0.5,7,LRT,0.01,1e-05
1006,1.3508018133585398,3.0715060310255695,0.5,8,URT,0.01,1e-05
1007,5.641759293379133,7.417973422439971,0.5,8,LRT,0.01,1e-05
1008,0.32104350959326045,0.2896751909479427,0.5,0,URT,0.01,0.0001
1009,0.4702299837221382,0.307261078641039,0.5,0,LRT,0.01,0.0001
1010,0.6180166446241868,0.3541123086841491,0.5,1,URT,0.01,0.0001
1011,1.4674151324672007,1.2106136924338422,0.5,1,LRT,0.01,0.0001
1012,0.25517956329807845,0.33218931790048245,0.5,2,URT,0.01,0.0001
1013,0.4643700494776768,0.2879347801053118,0.5,2,LRT,0.01,0.0001
1014,1.7639747690346228,1.8116602461945384,0.5,3,URT,0.01,0.0001
1015,1.4284824742385487,1.3099534596608073,0.5,3,LRT,0.01,0.0001
1016,0.5919782414336314,0.34190297585757623,0.5,4,URT,0.01,0.0001
1017,1.3071089430422695,1.5083213307919134,0.5,4,LRT,0.01,0.0001
1018,0.3563812922356071,0.30215207313779047,0.5,5,URT,0.01,0.0001
1019,3.117510549515207,2.8263775063035483,0.5,5,LRT,0.01,0.0001
1020,0.2451444394098301,0.32175719787449175,0.5,6,URT,0.01,0.0001
1021,0.5322042583292346,0.3235167933977374,0.5,6,LRT,0.01,0.0001
1022,3.2234285909851947,3.182093406530605,0.5,7,URT,0.01,0.0001
1023,0.306149395921155,0.258777973220238,0.5,7,LRT,0.01,0.0001
1024,1.3508018133585398,3.0715059939248803,0.5,8,URT,0.01,0.0001
1025,5.641759293379133,7.417984843382758,0.5,8,LRT,0.01,0.0001
1026,0.3214503595489635,0.2900429823486528,0.5,0,URT,0.01,0.001
1027,0.4706508773662508,0.30764320004808354,0.5,0,LRT,0.01,0.001
1028,0.6183872497585465,0.354413916419861,0.5,1,URT,0.01,0.001
1029,1.4675112302500226,1.2107632623408175,0.5,1,LRT,0.01,0.001
1030,0.2555772610591198,0.33258879108655837,0.5,2,URT,0.01,0.001
1031,0.46470075552206325,0.28831622519311306,0.5,2,LRT,0.01,0.001
1032,1.7633819429501507,1.8112996260120475,0.5,3,URT,0.01,0.001
1033,1.4281386246600176,1.3095880378449705,0.5,3,LRT,0.01,0.001
1034,0.5924393586227552,0.34229687971101175,0.5,4,URT,0.01,0.001
1035,1.3073875314302583,1.508593843335948,0.5,4,LRT,0.01,0.001
1036,0.35684923398930746,0.30259396373586167,0.5,5,URT,0.01,0.001
1037,3.1179043815749523,2.82677234229244,0.5,5,LRT,0.01,0.001
1038,0.2455292244155931,0.3221465000571726,0.5,6,URT,0.01,0.001
1039,0.5325398762491833,0.32387427362938226,0.5,6,LRT,0.01,0.001
1040,3.2233969388061268,3.1820617067651407,0.5,7,URT,0.01,0.001
1041,0.3066431974324626,0.25904277851516255,0.5,7,LRT,0.01,0.001
1042,1.3508018133585398,3.1472394890260125,0.5,8,URT,0.01,0.001
1043,5.641759293379133,7.417963985225874,0.5,8,LRT,0.01,0.001
1044,0.3255077202734826,0.293847975643482,0.5,0,URT,0.01,0.01
1045,0.47442887357486896,0.31136856707239247,0.5,0,LRT,0.01,0.01
1046,0.6223749308279212,0.3578014660625266,0.5,1,URT,0.01,0.01
1047,1.4686314421888156,1.212232687986302,0.5,1,LRT,0.01,0.01
1048,0.25954789750099305,0.33657895474873367,0.5,2,URT,0.01,0.01
1049,0.4680081299333114,0.2921408688076079,0.5,2,LRT,0.01,0.01
1050,1.7639612338611874,1.8116871615119488,0.5,3,URT,0.01,0.01
1051,1.428558512741021,1.310770297780972,0.5,3,LRT,0.01,0.01
1052,0.5961258601790913,0.34606424716154915,0.5,4,URT,0.01,0.01
1053,1.3101794460037652,1.5113515867936735,0.5,4,LRT,0.01,0.01
1054,0.3609399519844869,0.306567134232238,0.5,5,URT,0.01,0.01
1055,3.120826388682689,2.8299411744332286,0.5,5,LRT,0.01,0.01
1056,0.24937041577127061,0.32599814074245703,0.5,6,URT,0.01,0.01
1057,0.5356390016226964,0.32737633584779946,0.5,6,LRT,0.01,0.01
1058,3.2235357978396912,3.182147844179979,0.5,7,URT,0.01,0.01
1059,0.311398179062893,0.26287087297502865,0.5,7,LRT,0.01,0.01
1060,1.3508018133585398,3.147234176734813,0.5,8,URT,0.01,0.01
1061,5.641759293379133,7.417925674835314,0.5,8,LRT,0.01,0.01
1062,0.3657534357954981,0.33255851064740316,0.5,0,URT,0.01,0.1
1063,0.5114037255575221,0.349057708395506,0.5,0,LRT,0.01,0.1
1064,0.6620777478762534,0.39148198994024774,0.5,1,URT,0.01,0.1
1065,1.4797401553572627,1.2265751056663987,0.5,1,LRT,0.01,0.1
1066,0.29879197953825987,0.37653811393806524,0.5,2,URT,0.01,0.1
1067,0.5002025657774132,0.3307500080087795,0.5,2,LRT,0.01,0.1
1068,1.7658691166793763,1.8129363306592365,0.5,3,URT,0.01,0.1
1069,1.4305804888426383,1.3200686686111736,0.5,3,LRT,0.01,0.1
1070,0.6341841739698708,0.3846842550451397,0.5,4,URT,0.01,0.1
1071,1.3377544495400082,1.538628870758175,0.5,4,LRT,0.01,0.1
1072,0.40089665747973235,0.3445610524132645,0.5,5,URT,0.01,0.1
1073,3.153683406191143,2.8627469322136507,0.5,5,LRT,0.01,0.1
1074,0.2871723426913757,0.3637810732712259,0.5,6,URT,0.01,0.1
1075,0.574076446343426,0.36570161202213924,0.5,6,LRT,0.01,0.1
1076,3.222347517244622,3.181730145792801,0.5,7,URT,0.01,0.1
1077,0.3587501775841506,0.30205756104408454,0.5,7,LRT,0.01,0.1
1078,1.3508018133585398,3.1472321914035204,0.5,8,URT,0.01,0.1
1079,5.641759293379133,7.417999623113827,0.5,8,LRT,0.01,0.1
1080,0.6947500536259685,0.6325546482364182,0.5,0,URT,0.01,1.0
1081,0.8022412399421608,0.6614452021903121,0.5,0,LRT,0.01,1.0
1082,0.8997691557685359,0.6826407922975912,0.5,1,URT,0.01,1.0
1083,1.5837804424830413,1.347302397564751,0.5,1,LRT,0.01,1.0
1084,0.6124166241623321,0.6877273014412788,0.5,2,URT,0.01,1.0
1085,0.7452698883999753,0.6559064408084696,0.5,2,LRT,0.01,1.0
1086,1.7899976644861955,1.8312843128045433,0.5,3,URT,0.01,1.0
1087,1.4536436554123222,1.404362175925332,0.5,3,LRT,0.01,1.0
1088,0.9251165488350175,0.7103788564477149,0.5,4,URT,0.01,1.0
1089,1.5573285709557334,1.7567359636520656,0.5,4,LRT,0.01,1.0
1090,0.7439193963284012,0.6486937271025148,0.5,5,URT,0.01,1.0
1091,3.4124690775307895,3.121411999759604,0.5,5,LRT,0.01,1.0
1092,0.5811370654781447,0.6532579173887578,0.5,6,URT,0.01,1.0
1093,0.8732498710984258,0.6987951268584212,0.5,6,LRT,0.01,1.0
1094,3.2245637315048694,3.1829895795510623,0.5,7,URT,0.01,1.0
1095,0.75977179199504,0.6047723963123985,0.5,7,LRT,0.01,1.0
1096,1.3508018133585398,3.071501441975483,0.5,8,URT,0.01,1.0
1097,5.641759293379133,7.585376812120618,0.5,8,LRT,0.01,1.0
1098,1.4771092812262454,1.3529200806172748,0.5,0,URT,0.01,10.0
1099,1.6417944013801025,1.4929977591272134,0.5,0,LRT,0.01,10.0
1100,1.7049265623821412,1.5554511352503724,0.5,1,URT,0.01,10.0
1101,1.9913834620831512,1.8400700646915054,0.5,1,LRT,0.01,10.0
1102,1.4584938062083008,1.4116816522190652,0.5,2,URT,0.01,10.0
1103,1.4906315585296683,1.4864010512666912,0.5,2,LRT,0.01,10.0
1104,2.011689456548072,1.9858748642044892,0.5,3,URT,0.01,10.0
1105,1.6639222869181562,1.7838081057083768,0.5,3,LRT,0.01,10.0
1106,1.7373094362212935,1.5512015782737132,0.5,4,URT,0.01,10.0
1107,2.1574251778117626,2.3499039351843987,0.5,4,LRT,0.01,10.0
1108,1.4955074059360367,1.4262564800485746,0.5,5,URT,0.01,10.0
1109,4.095089980797139,3.8035924234298735,0.5,5,LRT,0.01,10.0
1110,1.346289664381728,1.3538438240435902,0.5,6,URT,0.01,10.0
1111,1.6698452961071224,1.620971879548108,0.5,6,LRT,0.01,10.0
1112,3.239968942940512,3.1932026383199874,0.5,7,URT,0.01,10.0
1113,1.353926142433596,1.3338577382940136,0.5,7,LRT,0.01,10.0
1114,1.3508018133585398,3.1472324348631555,0.5,8,URT,0.01,10.0
1115,5.641759293379133,7.41789640272591,0.5,8,LRT,0.01,10.0
1116,2.4375907778432317,2.2695501062186865,0.5,0,URT,0.01,100.0
1117,2.596170425224151,2.477671777446316,0.5,0,LRT,0.01,100.0
1118,2.6725860704183306,2.5445096293670746,0.5,1,URT,0.01,100.0
1119,2.726639410529234,2.614814860753932,0.5,1,LRT,0.01,100.0
1120,2.356290024583094,2.1963383521876603,0.5,2,URT,0.01,100.0
1121,2.5559074994475823,2.480346073312294,0.5,2,LRT,0.01,100.0
1122,2.911216120948016,2.648661505701912,0.5,3,URT,0.01,100.0
1123,2.5605877018075676,2.5366293148322994,0.5,3,LRT,0.01,100.0
1124,2.703897406124947,2.532721529509722,0.5,4,URT,0.01,100.0
1125,2.906526003024893,3.0798909091003654,0.5,4,LRT,0.01,100.0
1126,2.471107858936086,2.3695243415479297,0.5,5,URT,0.01,100.0
1127,4.929312275607543,4.637709903774478,0.5,5,LRT,0.01,100.0
1128,2.2077971508680445,1.9241909275617735,0.5,6,URT,0.01,100.0
1129,2.7092283437392783,2.6311971103369984,0.5,6,LRT,0.01,100.0
1130,3.2437521489496604,3.285407615344661,0.5,7,URT,0.01,100.0
1131,2.4877893713556416,2.3446534399673498,0.5,7,LRT,0.01,100.0
1132,1.3508018133585398,3.2390287662204975,0.5,8,URT,0.01,100.0
1133,5.641759293379133,7.4181125929263905,0.5,8,LRT,0.01,100.0
1134,0.3087150563984533,0.2580330178380619,0.5,0,URT,0.1,1e-06
1135,0.3964938439927872,0.22447426906476764,0.5,0,LRT,0.1,1e-06
1136,0.4980795510491278,0.278576381499831,0.5,1,URT,0.1,1e-06
1137,0.7698787254849284,0.631073218914131,0.5,1,LRT,0.1,1e-06
1138,0.23469649251952784,0.3141068031904979,0.5,2,URT,0.1,1e-06
1139,0.2853444174344002,0.240856672558742,0.5,2,LRT,0.1,1e-06
1140,0.9132978679919193,0.9742538443721571,0.5,3,URT,0.1,1e-06
1141,0.6271369841764045,0.694188999986272,0.5,3,LRT,0.1,1e-06
1142,0.519395326523723,0.29347550203277883,0.5,4,URT,0.1,1e-06
1143,0.4666732562610747,0.6249710276358513,0.5,4,LRT,0.1,1e-06
1144,0.3545201886192757,0.2643650273739313,0.5,5,URT,0.1,1e-06
1145,1.9844991231997273,1.7398920743535609,0.5,5,LRT,0.1,1e-06
1146,0.21249801435120386,0.28787545066785825,0.5,6,URT,0.1,1e-06
1147,0.4650730419202267,0.2816275245630724,0.5,6,LRT,0.1,1e-06
1148,2.297992811219655,2.337835620277121,0.5,7,URT,0.1,1e-06
1149,0.330103865047624,0.20248812964801388,0.5,7,LRT,0.1,1e-06
1150,1.3508018133585398,2.9446717415032695,0.5,8,URT,0.1,1e-06
1151,5.641759293379133,6.786687749147656,0.5,8,LRT,0.1,1e-06
1152,0.3087207235722147,0.25803645504931083,0.5,0,URT,0.1,1e-05
1153,0.39649134047388657,0.22448590814415326,0.5,0,LRT,0.1,1e-05
1154,0.49813951943672485,0.27860551749544094,0.5,1,URT,0.1,1e-05
1155,0.7698804383331899,0.6310471092722327,0.5,1,LRT,0.1,1e-05
1156,0.2347011813640405,0.31410076853574864,0.5,2,URT,0.1,1e-05
1157,0.28534778826466844,0.24085976644497276,0.5,2,LRT,0.1,1e-05
1158,0.9133183254348829,0.974265043774424,0.5,3,URT,0.1,1e-05
1159,0.6271509846015224,0.694197585679829,0.5,3,LRT,0.1,1e-05
1160,0.5190488735448682,0.29325291048267044,0.5,4,URT,0.1,1e-05
1161,0.4666292739827984,0.6249101808016784,0.5,4,LRT,0.1,1e-05
1162,0.35452387338378166,0.26437312869998486,0.5,5,URT,0.1,1e-05
1163,1.984454486087845,1.739865370696891,0.5,5,LRT,0.1,1e-05
1164,0.21250143125882914,0.2878771483174427,0.5,6,URT,0.1,1e-05
1165,0.4650382719346382,0.28160945669142556,0.5,6,LRT,0.1,1e-05
1166,2.2976715231189972,2.3376652344785707,0.5,7,URT,0.1,1e-05
1167,0.33010240555588055,0.20249118543424416,0.5,7,LRT,0.1,1e-05
1168,1.3508018133585398,2.9446717415668564,0.5,8,URT,0.1,1e-05
1169,5.641759293379133,6.786687278879395,0.5,8,LRT,0.1,1e-05
1170,0.30875668676143686,0.2580773402740819,0.5,0,URT,0.1,0.0001
1171,0.3965322514569314,0.22453570080792673,0.5,0,LRT,0.1,0.0001
1172,0.49814134227224827,0.2786347021851485,0.5,1,URT,0.1,0.0001
1173,0.7699044809004567,0.6310477700327937,0.5,1,LRT,0.1,0.0001
1174,0.23473403621336608,0.314123853532025,0.5,2,URT,0.1,0.0001
1175,0.28537768905803684,0.24088869734381646,0.5,2,LRT,0.1,0.0001
1176,0.9128353152036448,0.9739465492977466,0.5,3,URT,0.1,0.0001
1177,0.6269142451315375,0.6939719111361198,0.5,3,LRT,0.1,0.0001
1178,0.5189708300775733,0.29327808942939004,0.5,4,URT,0.1,0.0001
1179,0.46658296812749445,0.6248989699690766,0.5,4,LRT,0.1,0.0001
1180,0.35455932950345037,0.2644411029766234,0.5,5,URT,0.1,0.0001
1181,1.9846384571411058,1.739938724975251,0.5,5,LRT,0.1,0.0001
1182,0.2125316269669293,0.28790289035092176,0.5,6,URT,0.1,0.0001
1183,0.46504035139329325,0.2816425449662159,0.5,6,LRT,0.1,0.0001
1184,2.2974783799497023,2.337567273300375,0.5,7,URT,0.1,0.0001
1185,0.3301173363147898,0.20252089903780668,0.5,7,LRT,0.1,0.0001
1186,1.3508018133585398,2.8116124717174835,0.5,8,URT,0.1,0.0001
1187,5.641759293379133,6.786657673358147,0.5,8,LRT,0.1,0.0001
1188,0.3090831658303461,0.2583942211041075,0.5,0,URT,0.1,0.001
1189,0.3968304599957335,0.22484779421525225,0.5,0,LRT,0.1,0.001
1190,0.4983560157720035,0.2789535984021674,0.5,1,URT,0.1,0.001
1191,0.7701472005099168,0.631269077951595,0.5,1,LRT,0.1,0.001
1192,0.235049745716565,0.31441943268685435,0.5,2,URT,0.1,0.001
1193,0.2856736471668979,0.24117921846350132,0.5,2,LRT,0.1,0.001
1194,0.9129150180863261,0.9739655989851626,0.5,3,URT,0.1,0.001
1195,0.626989382541197,0.6941129034341582,0.5,3,LRT,0.1,0.001
1196,0.5192651586276416,0.2935615797034732,0.5,4,URT,0.1,0.001
1197,0.46682236521978115,0.6251012431196061,0.5,4,LRT,0.1,0.001
1198,0.3548992191301039,0.26477734078903303,0.5,5,URT,0.1,0.001
1199,1.984987684579199,1.740368345025816,0.5,5,LRT,0.1,0.001
1200,0.21282975011788796,0.28818860901568844,0.5,6,URT,0.1,0.001
1201,0.4653237819105236,0.2819455259815804,0.5,6,LRT,0.1,0.001
1202,2.297434942956824,2.3375475297834374,0.5,7,URT,0.1,0.001
1203,0.3301852004553094,0.20275616667178742,0.5,7,LRT,0.1,0.001
1204,1.3508018133585398,2.9446720030003504,0.5,8,URT,0.1,0.001
1205,5.641759293379133,6.786656544423095,0.5,8,LRT,0.1,0.001
1206,0.3123207768070788,0.2614178135436216,0.5,0,URT,0.1,0.01
1207,0.39982053852083865,0.22767902997389022,0.5,0,LRT,0.1,0.01
1208,0.5008674466891927,0.2819133791413275,0.5,1,URT,0.1,0.01
1209,0.7725335270433282,0.6334040401700669,0.5,1,LRT,0.1,0.01
1210,0.2381961795521219,0.317532891620969,0.5,2,URT,0.1,0.01
1211,0.2886285850358332,0.2440903760591988,0.5,2,LRT,0.1,0.01
1212,0.9146160757547017,0.9751719532733976,0.5,3,URT,0.1,0.01
1213,0.6284017788882581,0.6960962032648021,0.5,3,LRT,0.1,0.01
1214,0.5226402415132378,0.29658562553254164,0.5,4,URT,0.1,0.01
1215,0.4693303265136315,0.627401903897117,0.5,4,LRT,0.1,0.01
1216,0.35825528742646195,0.26752524098247754,0.5,5,URT,0.1,0.01
1217,1.9871702933785294,1.7425729438686375,0.5,5,LRT,0.1,0.01
1218,0.21580285731847493,0.291066730352763,0.5,6,URT,0.1,0.01
1219,0.46855478232271697,0.2851040613982141,0.5,6,LRT,0.1,0.01
1220,2.297253603191074,2.337469186154893,0.5,7,URT,0.1,0.01
1221,0.33161819090527445,0.2053487156787055,0.5,7,LRT,0.1,0.01
1222,1.3508018133585398,2.8116102174447084,0.5,8,URT,0.1,0.01
1223,5.641759293379133,6.786971807977152,0.5,8,LRT,0.1,0.01
1224,0.3441458918482949,0.28951627091561694,0.5,0,URT,0.1,0.1
1225,0.4296065793576087,0.256878845087293,0.5,0,LRT,0.1,0.1
1226,0.5228855391349869,0.3116654611733578,0.5,1,URT,0.1,0.1
1227,0.7966838275917807,0.6550502331874837,0.5,1,LRT,0.1,0.1
1228,0.26898935021622883,0.34766362475182344,0.5,2,URT,0.1,0.1
1229,0.3178098933788842,0.2733222179056227,0.5,2,LRT,0.1,0.1
1230,0.9249649261302642,0.9830007253914506,0.5,3,URT,0.1,0.1
1231,0.6398911756714778,0.7130796938749002,0.5,3,LRT,0.1,0.1
1232,0.5573144697412289,0.32589720750268913,0.5,4,URT,0.1,0.1
1233,0.4938394769001251,0.6497900102152965,0.5,4,LRT,0.1,0.1
1234,0.391564102095983,0.2956506368473475,0.5,5,URT,0.1,0.1
1235,2.011174286000913,1.7667037489465853,0.5,5,LRT,0.1,0.1
1236,0.24480134404517706,0.31945491751853616,0.5,6,URT,0.1,0.1
1237,0.4965047106886118,0.3137972586596822,0.5,6,LRT,0.1,0.1
1238,2.298111284601807,2.3380418364306808,0.5,7,URT,0.1,0.1
1239,0.34605836263832757,0.2308756385380608,0.5,7,LRT,0.1,0.1
1240,1.3508018133585398,2.895640633801043,0.5,8,URT,0.1,0.1
1241,5.641759293379133,6.787370320695002,0.5,8,LRT,0.1,0.1
1242,0.5822992670042177,0.4948054508199595,0.5,0,URT,0.1,1.0
1243,0.6901834357643022,0.5127849818610173,0.5,0,LRT,0.1,1.0
1244,0.7378051146146642,0.5703581640651798,0.5,1,URT,0.1,1.0
1245,0.9726557870330783,0.8367768393270021,0.5,1,LRT,0.1,1.0
1246,0.4964582373868911,0.5644648892718411,0.5,2,URT,0.1,1.0
1247,0.5636096307983651,0.5190315499025964,0.5,2,LRT,0.1,1.0
1248,1.0266496995545298,1.056039540042347,0.5,3,URT,0.1,1.0
1249,0.7408125701144659,0.8498833986794336,0.5,3,LRT,0.1,1.0
1250,0.7647368679831708,0.5762227643454345,0.5,4,URT,0.1,1.0
1251,0.6915246763420795,0.8305696983141475,0.5,4,LRT,0.1,1.0
1252,0.6381504683417116,0.5081725973583922,0.5,5,URT,0.1,1.0
1253,2.1931637758982694,1.9498026893587097,0.5,5,LRT,0.1,1.0
1254,0.456275313702875,0.523422425782095,0.5,6,URT,0.1,1.0
1255,0.7265275609856063,0.5455606881641017,0.5,6,LRT,0.1,1.0
1256,2.3038596265605786,2.3423689270814103,0.5,7,URT,0.1,1.0
1257,0.488341376199247,0.4278529813854606,0.5,7,LRT,0.1,1.0
1258,1.3508018133585398,2.8956443016095643,0.5,8,URT,0.1,1.0
1259,5.641759293379133,6.7869283362294155,0.5,8,LRT,0.1,1.0
1260,1.0332367485133176,0.8566385391281024,0.5,0,URT,0.1,10.0
1261,1.5757869188838178,1.2883459342087686,0.5,0,LRT,0.1,10.0
1262,1.496537307433072,1.3192947801441957,0.5,1,URT,0.1,10.0
1263,1.562127657819568,1.4429627885301581,0.5,1,LRT,0.1,10.0
1264,0.9182636077260442,0.909325705400426,0.5,2,URT,0.1,10.0
1265,1.4215106055804174,1.206823955331405,0.5,2,LRT,0.1,10.0
1266,1.6693013466663196,1.5043367800928724,0.5,3,URT,0.1,10.0
1267,1.3850224463471,1.3681323308714077,0.5,3,LRT,0.1,10.0
1268,1.5235989646901231,1.291890425547698,0.5,4,URT,0.1,10.0
1269,1.3842014310226398,1.4311033334918388,0.5,4,LRT,0.1,10.0
1270,1.174947621538422,0.9028908560467963,0.5,5,URT,0.1,10.0
1271,2.648043134567664,2.415873558984295,0.5,5,LRT,0.1,10.0
1272,0.8443496632147678,0.882579000514875,0.5,6,URT,0.1,10.0
1273,1.4065710641888618,1.0961796093227605,0.5,6,LRT,0.1,10.0
1274,2.3600385678855735,2.3833112742738964,0.5,7,URT,0.1,10.0
1275,1.0712453455313993,0.8509533632460986,0.5,7,LRT,0.1,10.0
1276,1.3508018133585398,2.851594641804759,0.5,8,URT,0.1,10.0
1277,5.641759293379133,6.786990826156319,0.5,8,LRT,0.1,10.0
1278,1.2820671385867008,0.9810730107027341,0.5,0,URT,0.1,100.0
1279,2.56587791680907,2.277660066423234,0.5,0,LRT,0.1,100.0
1280,2.463973645258126,2.2734424648356217,0.5,1,URT,0.1,100.0
1281,2.4152387368180097,2.2483161942374386,0.5,1,LRT,0.1,100.0
1282,1.1375102287947456,1.0239218934210088,0.5,2,URT,0.1,100.0
1283,2.336375505144354,2.149320922337278,0.5,2,LRT,0.1,100.0
1284,2.6455202434992944,2.411594084338092,0.5,3,URT,0.1,100.0
1285,2.361054050250657,2.1844403480125933,0.5,3,LRT,0.1,100.0
1286,2.470686232098596,2.231090605183865,0.5,4,URT,0.1,100.0
1287,2.35086461761062,2.3005741384904113,0.5,4,LRT,0.1,100.0
1288,1.5511146611686728,1.0636359468237444,0.5,5,URT,0.1,100.0
1289,3.22740370442267,3.021999846573431,0.5,5,LRT,0.1,100.0
1290,1.0079671908365189,0.9991593770225622,0.5,6,URT,0.1,100.0
1291,1.998041464278674,1.5462787690396933,0.5,6,LRT,0.1,100.0
1292,2.8240982937050423,2.677639199057876,0.5,7,URT,0.1,100.0
1293,1.4881948277123804,1.0198107683948772,0.5,7,LRT,0.1,100.0
1294,1.3508018133585398,2.8956452887554676,0.5,8,URT,0.1,100.0
1295,5.641759293379133,6.787006337423964,0.5,8,LRT,0.1,100.0
1296,-7.609321593271545e-06,3.498599436202454e-05,0.5,0,URT,1.0,1e-06
1297,0.0003063002344312338,2.567792116181522e-05,0.5,0,LRT,1.0,1e-06
1298,0.00012086202216998743,-3.6994426359626686e-05,0.5,1,URT,1.0,1e-06
1299,-0.0003818165142019936,-0.0003164207664942964,0.5,1,LRT,1.0,1e-06
1300,8.977079302141533e-06,2.1156689919976657e-06,0.5,2,URT,1.0,1e-06
1301,-0.0002875951672942634,-0.0002118163539721607,0.5,2,LRT,1.0,1e-06
1302,0.0009559630686233334,0.0007914855605291038,0.5,3,URT,1.0,1e-06
1303,-0.000918215972458114,-0.0003733581135323405,0.5,3,LRT,1.0,1e-06
1304,-0.0006836314121372311,0.00029342023222422853,0.5,4,URT,1.0,1e-06
1305,0.0003523702160137532,-2.8492648882050275e-05,0.5,4,LRT,1.0,1e-06
1306,-2.602917478000677e-06,-5.689627872929037e-05,0.5,5,URT,1.0,1e-06
1307,0.0002506341694594738,0.0005260235539630287,0.5,5,LRT,1.0,1e-06
1308,1.0688842143835586e-05,-7.856975043907255e-07,0.5,6,URT,1.0,1e-06
1309,2.825931923133851e-06,1.9330230595748787e-05,0.5,6,LRT,1.0,1e-06
1310,0.00030781961365189403,0.00012649655788798952,0.5,7,URT,1.0,1e-06
1311,-0.000122833512038234,-9.161362746645807e-06,0.5,7,LRT,1.0,1e-06
1312,-0.0006472402790116405,-0.000321822337213451,0.5,8,URT,1.0,1e-06
1313,7.7439400838486e-06,-0.00019280003585908645,0.5,8,LRT,1.0,1e-06
1314,-6.406931928104598e-06,3.1808312252579185e-05,0.5,0,URT,1.0,1e-05
1315,0.0002443405236220997,4.42817297443554e-05,0.5,0,LRT,1.0,1e-05
1316,9.262137439325357e-05,1.4997954361994914e-05,0.5,1,URT,1.0,1e-05
1317,-0.00035273905892818647,-0.0002847908608298866,0.5,1,LRT,1.0,1e-05
1318,7.701076531141382e-06,1.900121099573937e-06,0.5,2,URT,1.0,1e-05
1319,-0.00018745708133582895,-0.00012999255106027618,0.5,2,LRT,1.0,1e-05
1320,0.00094327438470998,0.0007846679837024695,0.5,3,URT,1.0,1e-05
1321,-0.0009628893114275172,-0.00039039074939406504,0.5,3,LRT,1.0,1e-05
1322,-0.0006624250799704967,0.0004374123931922824,0.5,4,URT,1.0,1e-05
1323,0.0006689564310180529,0.00010431978789338103,0.5,4,LRT,1.0,1e-05
1324,-3.572817657726546e-06,-5.846588914870665e-05,0.5,5,URT,1.0,1e-05
1325,0.0002639605111136589,0.0005923693961094045,0.5,5,LRT,1.0,1e-05
1326,1.8507393448885523e-06,-9.94487378669362e-07,0.5,6,URT,1.0,1e-05
1327,3.941217548764087e-06,3.2302006083284596e-06,0.5,6,LRT,1.0,1e-05
1328,0.00018008251964118926,8.122145754896337e-05,0.5,7,URT,1.0,1e-05
1329,-0.00012435989535841685,2.426396241261841e-06,0.5,7,LRT,1.0,1e-05
1330,-0.0007628346983521439,-0.00033582905521312156,0.5,8,URT,1.0,1e-05
1331,-0.00018028269894454496,-0.00040293850266248654,0.5,8,LRT,1.0,1e-05
1332,-4.6363035863805635e-06,2.6522218364632977e-05,0.5,0,URT,1.0,0.0001
1333,0.0001455132660197478,5.27631157893893e-05,0.5,0,LRT,1.0,0.0001
1334,9.639491524193744e-05,3.399942254755928e-05,0.5,1,URT,1.0,0.0001
1335,-0.00035689096845636925,-0.00028920189572545496,0.5,1,LRT,1.0,0.0001
1336,6.000841396236467e-06,7.645698518743416e-07,0.5,2,URT,1.0,0.0001
1337,0.00043946937464056646,0.00033414570589407333,0.5,2,LRT,1.0,0.0001
1338,0.0010191010431874759,0.0008306970435150163,0.5,3,URT,1.0,0.0001
1339,-0.0009245539933377955,-0.00037544603429040535,0.5,3,LRT,1.0,0.0001
1340,-0.00016144388665129128,2.6635186941348366e-05,0.5,4,URT,1.0,0.0001
1341,0.0003761067771774762,0.0001530624735215369,0.5,4,LRT,1.0,0.0001
1342,-4.891293071906944e-06,-5.841409103179984e-05,0.5,5,URT,1.0,0.0001
1343,0.00025644647649691876,0.0007249322788638324,0.5,5,LRT,1.0,0.0001
1344,1.0581917155860765e-06,-6.726809260726441e-07,0.5,6,URT,1.0,0.0001
1345,2.7862312439452808e-06,2.1806771744792286e-05,0.5,6,LRT,1.0,0.0001
1346,0.0002829002175843698,0.00012341571438234666,0.5,7,URT,1.0,0.0001
1347,-0.00010318127233421848,-3.409457847602937e-06,0.5,7,LRT,1.0,0.0001
1348,-0.0008977177976574602,-0.0003722103301719848,0.5,8,URT,1.0,0.0001
1349,-0.000310094070083089,-0.0005890252403384366,0.5,8,LRT,1.0,0.0001
1350,-3.445747014829692e-06,1.7377873470891814e-05,0.5,0,URT,1.0,0.001
1351,2.2130770295447633e-05,3.104600548375913e-05,0.5,0,LRT,1.0,0.001
1352,0.00012282980257261045,-1.0303244469156425e-05,0.5,1,URT,1.0,0.001
1353,-0.0003820581672089318,-0.0003168396196571166,0.5,1,LRT,1.0,0.001
1354,5.941711682666551e-06,7.32429694672021e-07,0.5,2,URT,1.0,0.001
1355,0.0006042394064422751,0.00044561742473980814,0.5,2,LRT,1.0,0.001
1356,0.0010251738951163603,0.000827585690335475,0.5,3,URT,1.0,0.001
1357,-0.0008278027155812495,-0.000339735462592472,0.5,3,LRT,1.0,0.001
1358,-5.144497895326339e-05,-2.569167616517376e-05,0.5,4,URT,1.0,0.001
1359,0.00011243331461585626,8.383405219181128e-05,0.5,4,LRT,1.0,0.001
1360,-6.1463883449519585e-06,-5.6507791311055655e-05,0.5,5,URT,1.0,0.001
1361,0.00027905675346051595,0.0007899369412083246,0.5,5,LRT,1.0,0.001
1362,1.2094135701801179e-06,-7.852128982577256e-07,0.5,6,URT,1.0,0.001
1363,3.0483721715768297e-06,1.547566627202457e-05,0.5,6,LRT,1.0,0.001
1364,0.0005962746274619235,0.0002280148636302215,0.5,7,URT,1.0,0.001
1365,-8.135979703549623e-05,-3.385234800656889e-05,0.5,7,LRT,1.0,0.001
1366,-0.0006704002238060447,-0.0003186043509759706,0.5,8,URT,1.0,0.001
1367,-0.00010670717448313383,-0.00036842769817724275,0.5,8,LRT,1.0,0.001
1368,-4.154523269406241e-06,-1.808038008999091e-05,0.5,0,URT,1.0,0.01
1369,-0.0001345438668760579,-0.00014165027750223658,0.5,0,LRT,1.0,0.01
1370,0.00012465215751333858,5.659201032237604e-06,0.5,1,URT,1.0,0.01
1371,-0.00038534556439184797,-0.00031829196689336925,0.5,1,LRT,1.0,0.01
1372,8.927920258194888e-06,1.4186372645497158e-06,0.5,2,URT,1.0,0.01
1373,0.0009136137303560332,0.0006416376959235137,0.5,2,LRT,1.0,0.01
1374,0.0009487846496565311,0.0007671802641304737,0.5,3,URT,1.0,0.01
1375,-0.0006307099757201229,-0.00026809234662117376,0.5,3,LRT,1.0,0.01
1376,-0.000383586663355473,0.00015461255699911192,0.5,4,URT,1.0,0.01
1377,0.0005327858200061542,0.00018076733134186895,0.5,4,LRT,1.0,0.01
1378,-1.100978375578876e-05,-4.620955186673825e-05,0.5,5,URT,1.0,0.01
1379,0.00037186821157675354,0.0007619186520138044,0.5,5,LRT,1.0,0.01
1380,4.342635829601704e-06,6.643461123445604e-07,0.5,6,URT,1.0,0.01
1381,3.5720348323664552e-06,2.2527914626202517e-05,0.5,6,LRT,1.0,0.01
1382,0.0006083358008357465,0.00021126031314011584,0.5,7,URT,1.0,0.01
1383,-5.8005653352566355e-05,-0.00012087366813773315,0.5,7,LRT,1.0,0.01
1384,-0.0009101535373696734,-0.0004065189663102764,0.5,8,URT,1.0,0.01
1385,-0.00029416038778595777,-0.0003842192986800441,0.5,8,LRT,1.0,0.01
1386,-2.670101967972016e-06,4.384126083234463e-05,0.5,0,URT,1.0,0.1
1387,-0.00023887261219890377,-9.721663190376262e-05,0.5,0,LRT,1.0,0.1
1388,0.00011417107631928047,-0.000485310619052548,0.5,1,URT,1.0,0.1
1389,0.0006606108737274852,2.7348914805713775e-05,0.5,1,LRT,1.0,0.1
1390,6.31203601564323e-06,8.033990530620372e-07,0.5,2,URT,1.0,0.1
1391,0.0006118071125289504,0.00043792853212387683,0.5,2,LRT,1.0,0.1
1392,-0.00017498027343254563,-2.8682505512911405e-05,0.5,3,URT,1.0,0.1
1393,-0.0004743441682890648,-0.0001685051596798104,0.5,3,LRT,1.0,0.1
1394,-0.00010808040262766383,7.122198376841027e-06,0.5,4,URT,1.0,0.1
1395,-2.832122596352349e-05,-8.043404067237248e-05,0.5,4,LRT,1.0,0.1
1396,-3.3195859776569137e-06,-2.3940156381740962e-06,0.5,5,URT,1.0,0.1
1397,0.00011023710187796354,0.0004875835647162319,0.5,5,LRT,1.0,0.1
1398,2.886628238663036e-06,2.1677225170435577e-07,0.5,6,URT,1.0,0.1
1399,9.964872740919617e-05,-6.559616788326394e-05,0.5,6,LRT,1.0,0.1
1400,0.00014388344537419329,6.078941207654509e-05,0.5,7,URT,1.0,0.1
1401,-2.9011249609744993e-05,-0.00013764098963786608,0.5,7,LRT,1.0,0.1
1402,-0.00020438719009785444,-0.00011170449964481577,0.5,8,URT,1.0,0.1
1403,-4.73925462483038e-05,-7.72288207482319e-05,0.5,8,LRT,1.0,0.1
1404,-3.4965277730947264e-06,-1.4020725649821486e-05,0.5,0,URT,1.0,1.0
1405,0.0006606066160497193,0.0003768775805905733,0.5,0,LRT,1.0,1.0
1406,0.00017275642917446987,-0.0004015794381180271,0.5,1,URT,1.0,1.0
1407,-0.00017406311363377114,-0.00015566427200131017,0.5,1,LRT,1.0,1.0
1408,2.2560572908503218e-05,6.1150202794735264e-06,0.5,2,URT,1.0,1.0
1409,-0.000708343167977965,-0.00039910262225717474,0.5,2,LRT,1.0,1.0
1410,0.0003132813394239875,0.00025155580692626245,0.5,3,URT,1.0,1.0
1411,-0.0005482494677773175,-0.0001863206885550639,0.5,3,LRT,1.0,1.0
1412,-0.0005660491878840546,0.0001921515778269267,0.5,4,URT,1.0,1.0
1413,0.00023031709913023946,0.0001131316547917649,0.5,4,LRT,1.0,1.0
1414,-2.6523102953923683e-05,-5.089508153055533e-05,0.5,5,URT,1.0,1.0
1415,0.0002483225107461351,0.0005368773167067076,0.5,5,LRT,1.0,1.0
1416,1.0801861939135904e-05,3.12043067740575e-06,0.5,6,URT,1.0,1.0
1417,-6.14529869888969e-05,-4.695210433158792e-05,0.5,6,LRT,1.0,1.0
1418,-5.442655511078698e-05,2.6857970730986835e-05,0.5,7,URT,1.0,1.0
1419,-3.0177283462329285e-05,-3.0483877040410334e-05,0.5,7,LRT,1.0,1.0
1420,-0.00027483562686692053,-0.00023295459485117576,0.5,8,URT,1.0,1.0
1421,-0.0001453976873051488,8.967594067144091e-05,0.5,8,LRT,1.0,1.0
1422,-3.9336610315743314e-06,1.6952644710244158e-06,0.5,0,URT,1.0,10.0
1423,4.53687623682697e-05,0.0001173419853692792,0.5,0,LRT,1.0,10.0
1424,-3.7857022512355343e-06,-0.0004304582491849729,0.5,1,URT,1.0,10.0
1425,-9.539612042885892e-05,-1.2046281947952764e-05,0.5,1,LRT,1.0,10.0
1426,5.312385201250436e-05,1.6018097666048448e-05,0.5,2,URT,1.0,10.0
1427,-3.3303110379634404e-05,-1.0039021747232368e-05,0.5,2,LRT,1.0,10.0
1428,0.0001421890840980211,0.00038278688337278766,0.5,3,URT,1.0,10.0
1429,-0.000849668667965986,-0.0003419436233453865,0.5,3,LRT,1.0,10.0
1430,-0.000496372073783391,0.00015316286807198765,0.5,4,URT,1.0,10.0
1431,0.0001758206207771451,3.241306737589156e-05,0.5,4,LRT,1.0,10.0
1432,-1.899354617318494e-05,-2.840294540984445e-05,0.5,5,URT,1.0,10.0
1433,-4.467707038102731e-06,0.0003151277899782201,0.5,5,LRT,1.0,10.0
1434,3.3134225450481836e-05,4.384580412519767e-06,0.5,6,URT,1.0,10.0
1435,-6.397282638381796e-05,-7.7140879831461e-05,0.5,6,LRT,1.0,10.0
1436,0.00021418130554096138,0.00014064530062096736,0.5,7,URT,1.0,10.0
1437,-7.448390352493561e-06,-9.495382833879518e-05,0.5,7,LRT,1.0,10.0
1438,-0.0006562123822893007,-0.00034881436715084035,0.5,8,URT,1.0,10.0
1439,-0.0005012169083524753,-0.000549576441289723,0.5,8,LRT,1.0,10.0
1440,2.1994458823115792e-06,4.893222055102342e-06,0.5,0,URT,1.0,100.0
1441,4.453569868978491e-05,9.497075359199414e-05,0.5,0,LRT,1.0,100.0
1442,-1.0908221590000267e-05,-0.00039955094353505416,0.5,1,URT,1.0,100.0
1443,-8.94649698626182e-05,-1.3042187347878098e-05,0.5,1,LRT,1.0,100.0
1444,4.0259463078839985e-05,1.3978329191033367e-05,0.5,2,URT,1.0,100.0
1445,-4.459881423723999e-05,-1.3932584294273909e-05,0.5,2,LRT,1.0,100.0
1446,0.000150029500498583,0.000376487436063222,0.5,3,URT,1.0,100.0
1447,-0.000834764714773506,-0.00034136130524320407,0.5,3,LRT,1.0,100.0
1448,-0.0004972853016314005,0.0001427951087880075,0.5,4,URT,1.0,100.0
1449,0.00017415622035610312,-1.9089515886250297e-05,0.5,4,LRT,1.0,100.0
1450,-2.3153500461781107e-05,-2.5786307349839888e-05,0.5,5,URT,1.0,100.0
1451,6.982030098967584e-06,0.00033332699453403336,0.5,5,LRT,1.0,100.0
1452,2.4304438691835628e-05,2.964969995744582e-06,0.5,6,URT,1.0,100.0
1453,-5.2146240379080666e-05,-7.603121419474945e-05,0.5,6,LRT,1.0,100.0
1454,0.0002124348510852414,0.00014206010975481576,0.5,7,URT,1.0,100.0
1455,5.528455061476478e-05,-8.124805736997587e-05,0.5,7,LRT,1.0,100.0
1456,-0.0006551477055825039,-0.0004510057875988238,0.5,8,URT,1.0,100.0
1457,-0.0005025979698860539,-0.0005470268744476314,0.5,8,LRT,1.0,100.0
